Well,Date,THP,THT,PCP,Platform,StatusUPD
TAC22L,2019-01-01,315.649864022546,31.6,449.61842,TapisC,1
TAC22L,2019-01-02,315.649864022546,91.6,449.61842,TapisC,1
TAC22L,2019-01-03,315.649864022546,91.8,449.61842,TapisC,1
TAC22L,2019-01-04,315.649864022546,91.7,449.61842,TapisC,1
TAC22L,2019-01-05,315.649864022546,91.7,449.61842,TapisC,1
TAC22L,2019-01-06,315.649864022546,91.7,449.61842,TapisC,1
TAC22L,2019-01-07,315.649864022546,91.9,449.61842,TapisC,1
TAC22L,2019-01-08,315.649864022546,91.6,449.61842,TapisC,1
TAC22L,2019-01-09,315.649864022546,91.7,449.61842,TapisC,1
TAC22L,2019-01-10,315.649864022546,91.8,449.61842,TapisC,1
TAC22L,2019-01-11,315.649864022546,91.6,449.61842,TapisC,1
TAC22L,2019-01-12,315.649864022546,91.5,449.61842,TapisC,1
TAC22L,2019-01-13,315.649864022546,91.7,449.61842,TapisC,1
TAC22L,2019-01-14,315.649864022546,91.5,449.61842,TapisC,1
TAC22L,2019-01-15,315.649864022546,91.0,449.61842,TapisC,1
TAC22L,2019-01-16,637.8780036,91.8,449.61842,TapisC,1
TAC22L,2019-01-17,647.4505248,91.6,435.839791,TapisC,1
TAC22L,2019-01-18,650.6413652,91.6,435.2596382,TapisC,1
TAC22L,2019-01-19,650.6413652,91.8,434.2443708,TapisC,1
TAC22L,2019-01-20,654.5573966,91.7,433.8092562,TapisC,1
TAC22L,2019-01-21,648.6108304,91.8,432.7939888,TapisC,1
TAC22L,2019-01-22,645.41999,91.8,432.939027,TapisC,1
TAC22L,2019-01-23,651.8016708,91.7,432.213836,TapisC,1
TAC22L,2019-01-24,637.442889,92.9,430.763454,TapisC,1
TAC22L,2019-01-25,637.442889,92.9,430.763454,TapisC,1
TAC22L,2019-01-26,637.442889,92.9,430.763454,TapisC,1
TAC22L,2019-01-27,637.442889,92.9,430.763454,TapisC,1
TAC22L,2019-01-28,632.5115902,96.3,430.3283394,TapisC,1
TAC22L,2019-01-29,632.8016666,93.2,429.4581102,TapisC,1
TAC22L,2019-01-30,629.9009026,93.5,429.4581102,TapisC,1
TAC22L,2019-01-31,628.4505206,93.4,429.4581102,TapisC,1
TAC22L,2019-02-01,628.4505206,93.5,429.4581102,TapisC,1
TAC22L,2019-02-02,630.3360172,93.5,429.4581102,TapisC,1
TAC22L,2019-02-03,630.3360172,93.2,429.4581102,TapisC,1
TAC22L,2019-02-04,630.3360172,93.0,429.4581102,TapisC,1
TAC22L,2019-02-05,630.3360172,93.5,429.4581102,TapisC,1
TAC22L,2019-02-06,630.3360172,93.7,429.4581102,TapisC,1
TAC22L,2019-02-07,648.320754,92.8,429.4581102,TapisC,1
TAC22L,2019-02-08,651.221518,92.5,429.4581102,TapisC,1
TAC22L,2019-02-09,651.221518,92.6,429.4581102,TapisC,1
TAC22L,2019-02-10,651.221518,92.5,429.4581102,TapisC,1
TAC22L,2019-02-11,651.221518,92.6,429.4581102,TapisC,1
TAC22L,2019-02-12,651.221518,92.6,429.4581102,TapisC,1
TAC22L,2019-02-13,651.946709,92.4,429.4581102,TapisC,1
TAC22L,2019-02-14,646.145181,92.8,424.0916968,TapisC,1
TAC22L,2019-02-15,645.2749518,92.9,424.0916968,TapisC,1
TAC22L,2019-02-16,649.6260978,92.9,424.0916968,TapisC,1
TAC22L,2019-02-17,650.7864034,92.8,424.0916968,TapisC,1
TAC22L,2019-02-18,645.7100664,93.1,424.0916968,TapisC,1
TAC22L,2019-02-19,635.5573924,93.8,424.0916968,TapisC,1
TAC22L,2019-02-20,635.7024306,93.8,422.9313912,TapisC,1
TAC22L,2019-02-21,645.1299136,93.6,422.9313912,TapisC,1
TAC22L,2019-02-22,639.618462,93.7,422.9313912,TapisC,1
TAC22L,2019-02-23,646.7253338,93.6,422.9313912,TapisC,1
TAC22L,2019-02-24,644.5497608,93.5,422.9313912,TapisC,1
TAC22L,2019-02-25,661.5192302,92.7,422.9313912,TapisC,1
TAC22L,2019-02-26,660.3589246,92.9,422.9313912,TapisC,1
TAC22L,2019-02-27,660.3589246,93.0,422.9313912,TapisC,1
TAC22L,2019-02-28,660.3589246,92.9,422.9313912,TapisC,1
TAC22L,2019-03-01,660.3589246,93.0,422.9313912,TapisC,1
TAC22L,2019-03-02,660.3589246,92.8,422.9313912,TapisC,1
TAC22L,2019-03-03,660.3589246,93.4,422.9313912,TapisC,1
TAC22L,2019-03-04,660.3589246,93.6,422.9313912,TapisC,1
TAC22L,2019-03-05,660.3589246,93.6,422.9313912,TapisC,1
TAC22L,2019-03-06,660.3589246,93.6,422.9313912,TapisC,1
TAC22L,2019-03-07,651.6566326,93.8,422.9313912,TapisC,1
TAC22L,2019-03-08,651.6566326,93.8,422.9313912,TapisC,1
TAC22L,2019-03-09,651.6566326,93.7,422.9313912,TapisC,1
TAC22L,2019-03-10,651.6566326,93.5,422.9313912,TapisC,1
TAC22L,2019-03-11,651.6566326,93.5,422.9313912,TapisC,1
TAC22L,2019-03-12,651.6566326,93.5,422.9313912,TapisC,1
TAC22L,2019-03-13,846.1528588,91.4,418.2901688,TapisC,1
TAC22L,2019-03-14,842.671942,91.6,418.2901688,TapisC,1
TAC22L,2019-03-15,236.2672278,91.7,418.2901688,TapisC,1
TAC22L,2019-03-16,687.3360298,92.1,418.2901688,TapisC,1
TAC22L,2019-03-17,689.3665646,91.8,418.2901688,TapisC,1
TAC22L,2019-03-18,687.1909916,92.0,418.2901688,TapisC,1
TAC22L,2019-03-19,684.580304,92.1,418.2901688,TapisC,1
TAC22L,2019-03-20,684.580304,92.0,418.2901688,TapisC,1
TAC22L,2019-03-21,684.580304,92.0,418.2901688,TapisC,1
TAC22L,2019-03-22,684.580304,92.0,536.64134,TapisC,1
TAC22L,2019-03-23,684.580304,92.0,536.64134,TapisC,1
TAC22L,2019-03-24,684.580304,91.0,536.64134,TapisC,1
TAC22L,2019-03-25,684.580304,60.0,536.64134,TapisC,1
TAC22L,2019-03-26,684.580304,60.0,536.64134,TapisC,1
TAC22L,2019-03-27,684.580304,91.9,536.64134,TapisC,1
TAC22L,2019-03-28,684.580304,91.7,536.64134,TapisC,1
TAC22L,2019-03-29,684.580304,34.0,536.64134,TapisC,1
TAC22L,2019-03-30,684.580304,30.0,536.64134,TapisC,1
TAC22L,2019-03-31,684.580304,50.0,536.64134,TapisC,1
TAC22L,2019-04-01,684.580304,92.4,536.64134,TapisC,1
TAC22L,2019-04-02,684.580304,91.5,536.64134,TapisC,1
TAC22L,2019-04-03,684.580304,91.7,536.64134,TapisC,1
TAC22L,2019-04-04,684.580304,91.9,536.64134,TapisC,1
TAC22L,2019-04-05,684.580304,92.2,536.64134,TapisC,1
TAC22L,2019-04-06,683.5650366,92.0,536.64134,TapisC,1
TAC22L,2019-04-07,679.7940434,92.0,536.64134,TapisC,1
TAC22L,2019-04-08,682.2596928,92.2,536.64134,TapisC,1
TAC22L,2019-04-09,680.3741962,92.2,536.64134,TapisC,1
TAC22L,2019-04-10,677.0383176,92.3,536.64134,TapisC,1
TAC22L,2019-04-11,677.0383176,92.2,536.64134,TapisC,1
TAC22L,2019-04-12,677.4734322,92.2,536.64134,TapisC,1
TAC22L,2019-04-13,678.778776,92.3,536.64134,TapisC,1
TAC22L,2019-04-14,377.9695492,92.6,536.64134,TapisC,1
TAC22L,2019-04-15,377.9695492,92.3,536.64134,TapisC,1
TAC22L,2019-04-16,678.9238142,92.3,536.64134,TapisC,1
TAC22L,2019-04-17,678.9238142,92.4,536.64134,TapisC,1
TAC22L,2019-04-18,676.4581648,92.3,536.64134,TapisC,1
TAC22L,2019-04-19,676.4581648,92.3,536.64134,TapisC,1
TAC22L,2019-04-20,678.778776,89.8,536.64134,TapisC,1
TAC22L,2019-04-21,686.755877,91.8,536.64134,TapisC,1
TAC22L,2019-04-22,685.7406096,91.8,536.64134,TapisC,1
TAC22L,2019-04-23,684.8703804,91.8,536.64134,TapisC,1
TAC22L,2019-04-24,684.8703804,91.0,536.64134,TapisC,1
TAC22L,2019-04-25,684.8703804,92.1,536.64134,TapisC,1
TAC22L,2019-04-26,684.8703804,91.6,536.64134,TapisC,1
TAC22L,2019-04-27,684.8703804,91.6,536.64134,TapisC,1
TAC22L,2019-04-28,684.8703804,91.2,536.64134,TapisC,1
TAC22L,2019-04-29,684.8703804,31.0,536.64134,TapisC,1
TAC22L,2019-04-30,684.8703804,33.8,536.64134,TapisC,1
TAC22L,2019-05-01,684.8703804,32.9,536.64134,TapisC,1
TAC22L,2019-05-02,684.8703804,93.9,536.64134,TapisC,1
TAC22L,2019-05-03,684.8703804,92.0,536.64134,TapisC,1
TAC22L,2019-05-04,684.8703804,91.5,536.64134,TapisC,1
TAC22L,2019-05-05,684.8703804,92.0,405.8168836,TapisC,1
TAC22L,2019-05-06,684.8703804,91.2,405.8168836,TapisC,1
TAC22L,2019-05-07,684.8703804,91.4,406.6871128,TapisC,1
TAC22L,2019-05-08,691.107023,91.6,406.6871128,TapisC,1
TAC22L,2019-05-09,696.3283982,91.4,405.381769,TapisC,1
TAC22L,2019-05-10,696.18336,91.5,405.381769,TapisC,1
TAC22L,2019-05-11,696.7635128,91.6,405.381769,TapisC,1
TAC22L,2019-05-12,695.458169,91.4,405.381769,TapisC,1
TAC22L,2019-05-13,692.7024432,91.7,405.381769,TapisC,1
TAC22L,2019-05-14,692.9925196,91.8,405.381769,TapisC,1
TAC22L,2019-05-15,692.8474814,91.5,405.381769,TapisC,1
TAC22L,2019-05-16,688.3512972,91.4,405.381769,TapisC,1
TAC22L,2019-05-17,688.4963354,91.6,405.381769,TapisC,1
TAC22L,2019-05-18,687.7711444,91.6,405.381769,TapisC,1
TAC22L,2019-05-19,685.8856478,91.7,405.381769,TapisC,1
TAC22L,2019-05-20,693.282596,91.3,405.381769,TapisC,1
TAC22L,2019-05-21,688.7864118,91.3,405.381769,TapisC,1
TAC22L,2019-05-22,688.7864118,91.3,405.381769,TapisC,1
TAC22L,2019-05-23,688.7864118,91.4,240.038221,TapisC,1
TAC22L,2019-05-24,688.7864118,91.4,240.038221,TapisC,1
TAC22L,2019-05-25,688.7864118,91.4,240.038221,TapisC,1
TAC22L,2019-05-26,688.7864118,90.0,240.038221,TapisC,1
TAC22L,2019-05-27,688.7864118,91.0,240.038221,TapisC,1
TAC22L,2019-05-28,688.7864118,88.0,240.038221,TapisC,1
TAC22L,2019-05-29,694.1528252,91.1,240.038221,TapisC,1
TAC22L,2019-05-30,693.5726724,84.4,240.038221,TapisC,1
TAC22L,2019-05-31,695.6032072,91.2,240.038221,TapisC,1
TAC22L,2019-06-01,695.3131308,91.0,240.038221,TapisC,1
TAC22L,2019-06-02,695.3131308,91.0,240.038221,TapisC,1
TAC22L,2019-06-03,695.3131308,91.0,240.038221,TapisC,1
TAC22L,2019-06-04,695.3131308,91.0,240.038221,TapisC,1
TAC22L,2019-06-05,695.3131308,91.0,240.038221,TapisC,1
TAC22L,2019-06-06,695.3131308,90.0,290.0764,TapisC,1
TAC22L,2019-06-07,695.3131308,90.3,290.0764,TapisC,1
TAC22L,2019-06-08,695.3131308,90.5,290.0764,TapisC,1
TAC22L,2019-06-09,695.3131308,91.0,290.0764,TapisC,1
TAC22L,2019-06-10,695.3131308,91.0,290.0764,TapisC,1
TAC22L,2019-06-11,695.3131308,91.0,290.0764,TapisC,1
TAC22L,2019-06-12,695.3131308,91.0,290.0764,TapisC,1
TAC22L,2019-06-13,695.3131308,91.0,290.0764,TapisC,1
TAC22L,2019-06-14,690.0917556,90.6,290.0764,TapisC,1
TAC22L,2019-06-15,690.0917556,90.6,290.0764,TapisC,1
TAC22L,2019-06-16,690.0917556,90.6,290.0764,TapisC,1
TAC22L,2019-06-17,702.1299262,90.3,290.0764,TapisC,1
TAC22L,2019-06-18,702.1299262,90.6,290.0764,TapisC,1
TAC22L,2019-06-19,702.1299262,86.0,290.0764,TapisC,1
TAC22L,2019-06-20,702.1299262,88.5,391.60314,TapisC,1
TAC22L,2019-06-21,702.1299262,40.0,391.60314,TapisC,1
TAC22L,2019-06-22,702.1299262,40.0,391.60314,TapisC,1
TAC22L,2019-06-23,702.1299262,24.1,391.60314,TapisC,1
TAC22L,2019-06-24,702.1299262,24.1,391.60314,TapisC,1
TAC22L,2019-06-25,702.1299262,85.8,391.60314,TapisC,1
TAC22L,2019-06-26,702.1299262,90.0,391.60314,TapisC,1
TAC22L,2019-06-27,702.1299262,90.1,391.60314,TapisC,1
TAC22L,2019-06-28,702.1299262,83.1,391.60314,TapisC,1
TAC22L,2019-06-29,702.1299262,90.3,391.60314,TapisC,1
TAC22L,2019-06-30,702.1299262,90.6,391.60314,TapisC,1
TAC22L,2019-07-01,702.1299262,90.6,391.60314,TapisC,1
TAC22L,2019-07-02,702.1299262,90.6,391.60314,TapisC,1
TAC22L,2019-07-03,849.4887374,88.9,391.60314,TapisC,1
TAC22L,2019-07-04,440.3359752,89.2,391.60314,TapisC,1
TAC22L,2019-07-05,701.984888,90.6,435.1146,TapisC,1
TAC22L,2019-07-06,702.710079,90.5,435.1146,TapisC,1
TAC22L,2019-07-07,679.2138906,90.5,435.1146,TapisC,1
TAC22L,2019-07-08,692.9925196,91.0,435.1146,TapisC,1
TAC22L,2019-07-09,697.9238184,91.1,435.1146,TapisC,1
TAC22L,2019-07-10,698.6490094,91.1,435.1146,TapisC,1
TAC22L,2019-07-11,695.3131308,91.3,435.1146,TapisC,1
TAC22L,2019-07-12,652.0917472,91.2,435.1146,TapisC,1
TAC22L,2019-07-13,658.6184662,90.9,435.1146,TapisC,1
TAC22L,2019-07-14,655.7177022,90.9,435.1146,TapisC,1
TAC22L,2019-07-15,655.8627404,90.8,435.1146,TapisC,1
TAC22L,2019-07-16,414.6642138,91.0,435.1146,TapisC,1
TAC22L,2019-07-17,698.0688566,91.1,435.1146,TapisC,1
TAC22L,2019-07-18,700.8245824,91.0,435.1146,TapisC,1
TAC22L,2019-07-19,700.8245824,91.0,435.1146,TapisC,1
TAC22L,2019-07-20,700.8245824,91.1,237.4275334,TapisC,1
TAC22L,2019-07-21,700.8245824,91.2,237.4275334,TapisC,1
TAC22L,2019-07-22,700.8245824,91.0,237.4275334,TapisC,1
TAC22L,2019-07-23,700.8245824,29.3,237.4275334,TapisC,1
TAC22L,2019-07-24,700.8245824,85.7,237.4275334,TapisC,1
TAC22L,2019-07-25,700.8245824,89.3,237.4275334,TapisC,1
TAC22L,2019-07-26,700.8245824,89.6,237.4275334,TapisC,1
TAC22L,2019-07-27,700.8245824,90.8,237.4275334,TapisC,1
TAC22L,2019-07-28,700.8245824,91.0,237.4275334,TapisC,1
TAC22L,2019-07-29,700.8245824,91.1,237.4275334,TapisC,1
TAC22L,2019-07-30,700.8245824,91.0,237.4275334,TapisC,1
TAC22L,2019-07-31,700.8245824,91.0,237.4275334,TapisC,1
TAC22L,2019-08-01,700.8245824,91.0,237.4275334,TapisC,1
TAC22L,2019-08-02,340.5496936,86.6,237.4275334,TapisC,1
TAC22L,2019-08-03,707.3513014,91.0,237.862648,TapisC,1
TAC22L,2019-08-04,710.1070272,90.9,237.862648,TapisC,1
TAC22L,2019-08-05,712.5726766,90.9,237.862648,TapisC,1
TAC22L,2019-08-06,715.1833642,91.0,237.862648,TapisC,1
TAC22L,2019-08-07,420.9008564,90.9,237.862648,TapisC,1
TAC22L,2019-08-08,709.236798,90.9,237.862648,TapisC,1
TAC22L,2019-08-09,709.236798,2073.0,237.862648,TapisC,1
TAC22L,2019-08-10,727.2215348,90.5,237.862648,TapisC,1
TAC22L,2019-08-11,421.1909328,90.5,237.862648,TapisC,1
TAC22L,2019-08-12,726.2062674,90.6,237.862648,TapisC,1
TAC22L,2019-08-13,423.6565822,90.6,237.862648,TapisC,1
TAC22L,2019-08-14,729.542146,100.2,237.862648,TapisC,1
TAC22L,2019-08-15,729.542146,90.4,237.862648,TapisC,1
TAC22L,2019-08-16,729.542146,90.5,237.862648,TapisC,1
TAC22L,2019-08-17,729.542146,90.7,237.862648,TapisC,1
TAC22L,2019-08-18,729.542146,90.7,237.862648,TapisC,1
TAC22L,2019-08-19,729.542146,90.7,237.862648,TapisC,1
TAC22L,2019-08-20,729.542146,90.7,237.862648,TapisC,1
TAC22L,2019-08-21,729.542146,90.7,237.862648,TapisC,1
TAC22L,2019-08-22,729.542146,90.7,237.862648,TapisC,1
TAC22L,2019-08-23,729.542146,90.7,237.862648,TapisC,1
TAC22L,2019-08-24,729.542146,90.7,237.862648,TapisC,1
TAC22L,2019-08-25,729.542146,90.7,237.862648,TapisC,1
TAC22L,2019-08-26,729.542146,90.7,237.862648,TapisC,1
TAC22L,2019-08-27,729.542146,90.7,237.862648,TapisC,1
TAC22L,2019-08-28,729.542146,90.7,237.862648,TapisC,1
TAC22L,2019-08-29,729.542146,90.7,237.862648,TapisC,1
TAC22L,2019-08-30,729.542146,90.7,237.862648,TapisC,1
TAC22L,2019-08-31,729.542146,90.7,237.862648,TapisC,1
TAC22L,2019-09-01,601.183339,92.0,237.862648,TapisC,1
TAC22L,2019-09-02,601.183339,92.0,219.007682,TapisC,1
TAC22L,2019-09-03,601.183339,92.0,219.007682,TapisC,1
TAC22L,2019-09-04,601.183339,92.0,219.007682,TapisC,1
TAC22L,2019-09-05,601.183339,92.0,219.007682,TapisC,1
TAC22L,2019-09-06,601.183339,92.0,219.007682,TapisC,1
TAC22L,2019-09-07,601.183339,92.0,219.007682,TapisC,1
TAC22L,2019-09-08,601.183339,31.0,219.007682,TapisC,1
TAC22L,2019-09-09,601.183339,31.0,219.007682,TapisC,1
TAC22L,2019-09-10,601.183339,31.0,219.007682,TapisC,1
TAC22L,2019-09-11,601.183339,29.0,219.007682,TapisC,1
TAC22L,2019-09-12,601.183339,28.8,219.007682,TapisC,1
TAC22L,2019-09-13,601.183339,28.8,217.4122618,TapisC,1
TAC22L,2019-09-14,601.183339,28.0,217.4122618,TapisC,1
TAC22L,2019-09-15,601.183339,25.0,217.4122618,TapisC,1
TAC22L,2019-09-16,601.183339,29.0,217.4122618,TapisC,1
TAC22L,2019-09-17,601.183339,29.0,217.4122618,TapisC,1
TAC22L,2019-09-18,601.183339,30.0,217.4122618,TapisC,1
TAC22L,2019-09-19,601.183339,30.0,217.4122618,TapisC,1
TAC22L,2019-09-20,601.183339,30.0,217.4122618,TapisC,1
TAC22L,2019-09-21,601.183339,93.0,217.4122618,TapisC,1
TAC22L,2019-09-22,601.183339,92.0,217.4122618,TapisC,1
TAC22L,2019-09-23,601.183339,91.4,217.4122618,TapisC,1
TAC22L,2019-09-24,601.183339,91.0,217.4122618,TapisC,1
TAC22L,2019-09-25,601.183339,91.0,217.4122618,TapisC,1
TAC22L,2019-09-26,601.183339,91.0,217.4122618,TapisC,1
TAC22L,2019-09-27,601.183339,91.0,217.4122618,TapisC,1
TAC22L,2019-09-28,601.183339,89.0,233.2214256,TapisC,1
TAC22L,2019-09-29,601.183339,89.7,233.2214256,TapisC,1
TAC22L,2019-09-30,601.183339,90.0,233.2214256,TapisC,1
TAC22L,2019-10-01,601.183339,90.0,233.2214256,TapisC,1
TAC22L,2019-10-02,601.183339,91.0,233.2214256,TapisC,1
TAC22L,2019-10-03,601.183339,25.0,233.2214256,TapisC,1
TAC22L,2019-10-04,601.183339,90.0,233.2214256,TapisC,1
TAC22L,2019-10-05,601.183339,90.0,233.2214256,TapisC,1
TAC22L,2019-10-06,601.183339,90.0,233.2214256,TapisC,1
TAC22L,2019-10-07,601.183339,90.0,233.2214256,TapisC,1
TAC22L,2019-10-08,601.183339,90.0,233.2214256,TapisC,1
TAC22L,2019-10-09,601.183339,90.3,233.2214256,TapisC,1
TAC22L,2019-10-10,601.183339,90.0,233.2214256,TapisC,1
TAC22L,2019-10-11,601.183339,90.4,594.65662,TapisC,1
TAC22L,2019-10-12,601.183339,90.0,594.65662,TapisC,1
TAC22L,2019-10-13,601.183339,90.0,594.65662,TapisC,1
TAC22L,2019-10-14,601.183339,90.0,594.65662,TapisC,1
TAC22L,2019-10-15,601.183339,90.0,594.65662,TapisC,1
TAC22L,2019-10-16,601.183339,90.0,594.65662,TapisC,1
TAC22L,2019-10-17,601.183339,90.0,594.65662,TapisC,1
TAC22L,2019-10-18,601.183339,90.0,594.65662,TapisC,1
TAC22L,2019-10-19,601.183339,88.0,594.65662,TapisC,1
TAC22L,2019-10-20,601.183339,91.0,594.65662,TapisC,1
TAC22L,2019-10-21,601.183339,90.5,594.65662,TapisC,1
TAC22L,2019-10-22,601.183339,90.0,594.65662,TapisC,1
TAC22L,2019-10-23,601.183339,91.0,594.65662,TapisC,1
TAC22L,2019-10-24,601.183339,91.0,232.06112,TapisC,1
TAC22L,2019-10-25,601.183339,30.0,232.06112,TapisC,1
TAC22L,2019-10-26,601.183339,30.0,232.06112,TapisC,1
TAC22L,2019-10-27,601.183339,30.0,232.06112,TapisC,1
TAC22L,2019-10-28,601.183339,30.0,232.06112,TapisC,1
TAC22L,2019-10-29,601.183339,30.0,232.06112,TapisC,1
TAC22L,2019-10-30,601.183339,30.0,232.06112,TapisC,1
TAC22L,2019-10-31,601.183339,30.0,232.06112,TapisC,1
TAC22L,2019-11-01,601.183339,30.0,232.06112,TapisC,1
TAC22L,2019-11-02,601.183339,30.0,232.06112,TapisC,1
TAC22L,2019-11-03,601.183339,30.0,232.06112,TapisC,1
TAC22L,2019-11-04,601.183339,30.0,232.06112,TapisC,1
TAC22L,2019-11-05,601.183339,30.0,232.06112,TapisC,1
TAC22L,2019-11-06,601.183339,92.0,232.06112,TapisC,1
TAC22L,2019-11-07,601.183339,91.0,232.06112,TapisC,1
TAC22L,2019-11-08,601.183339,91.0,232.06112,TapisC,1
TAC22L,2019-11-09,601.183339,91.0,290.0764,TapisC,1
TAC22L,2019-11-10,601.183339,89.5,290.0764,TapisC,1
TAC22L,2019-11-11,601.183339,89.5,290.0764,TapisC,1
TAC22L,2019-11-12,601.183339,89.5,290.0764,TapisC,1
TAC22L,2019-11-13,708.511607,89.6,290.0764,TapisC,1
TAC22L,2019-11-14,299.3588448,89.5,290.0764,TapisC,1
TAC22L,2019-11-15,711.5574092,89.4,290.0764,TapisC,1
TAC22L,2019-11-16,710.3971036,89.7,290.0764,TapisC,1
TAC22L,2019-11-17,710.8322182,89.5,290.0764,TapisC,1
TAC22L,2019-11-18,299.9389976,89.4,290.0764,TapisC,1
TAC22L,2019-11-19,632.8016666,32.3,290.0764,TapisC,1
TAC22L,2019-11-20,1997.6111286,27.1,290.0764,TapisC,1
TAC22L,2019-11-21,1997.6111286,27.1,221.0382168,TapisC,1
TAC22L,2019-11-22,1997.6111286,27.1,221.0382168,TapisC,1
TAC22L,2019-11-23,689.656641,89.3,221.0382168,TapisC,1
TAC22L,2019-11-24,735.6337504,88.7,221.0382168,TapisC,1
TAC22L,2019-11-25,298.053501,88.7,221.0382168,TapisC,1
TAC22L,2019-11-26,726.7864202,89.0,221.0382168,TapisC,1
TAC22L,2019-11-27,724.1757326,89.1,221.0382168,TapisC,1
TAC22L,2019-11-28,724.1757326,89.1,221.0382168,TapisC,1
TAC22L,2019-11-29,724.1757326,89.0,221.0382168,TapisC,1
TAC22L,2019-11-30,724.1757326,89.0,221.0382168,TapisC,1
TAC22L,2019-12-01,724.1757326,89.0,221.0382168,TapisC,1
TAC22L,2019-12-02,724.1757326,89.1,221.0382168,TapisC,1
TAC22L,2019-12-03,724.1757326,89.1,221.0382168,TapisC,1
TAC22L,2019-12-04,724.1757326,89.1,221.0382168,TapisC,1
TAC22L,2019-12-05,724.1757326,89.1,221.0382168,TapisC,1
TAC22L,2019-12-06,724.1757326,89.1,221.0382168,TapisC,1
TAC22L,2019-12-07,724.1757326,89.1,232.06112,TapisC,1
TAC22L,2019-12-08,724.1757326,89.1,232.06112,TapisC,1
TAC22L,2019-12-09,724.1757326,89.2,232.06112,TapisC,1
TAC22L,2019-12-10,724.1757326,89.2,232.06112,TapisC,1
TAC22L,2019-12-11,724.1757326,89.2,232.06112,TapisC,1
TAC22L,2019-12-12,724.1757326,89.1,232.06112,TapisC,1
TAC22L,2019-12-13,724.1757326,89.0,232.06112,TapisC,1
TAC22L,2019-12-14,724.1757326,89.1,232.06112,TapisC,1
TAC22L,2019-12-15,724.1757326,89.1,232.06112,TapisC,1
TAC22L,2019-12-16,724.1757326,89.1,232.06112,TapisC,1
TAC22L,2019-12-17,724.1757326,89.2,232.06112,TapisC,1
TAC22L,2019-12-18,724.1757326,89.2,232.06112,TapisC,1
TAC22L,2019-12-19,729.1070314,89.2,232.06112,TapisC,1
TAC22L,2019-12-20,1168.4277392,56.4,231.1908908,TapisC,1
TAC22L,2019-12-21,1166.9773572,56.8,231.1908908,TapisC,1
TAC22L,2019-12-22,207.5496642,27.2,231.1908908,TapisC,1
TAC22L,2019-12-23,1544.2217154,30.9,231.1908908,TapisC,1
TAC22L,2019-12-24,448.4581144,23.6,231.1908908,TapisC,1
TAC22L,2019-12-25,1693.9011378,19.8,231.1908908,TapisC,1
TAC22L,2019-12-26,243.0840232,30.5,231.1908908,TapisC,1
TAC22L,2019-12-27,928.0994418,65.5,231.1908908,TapisC,1
TAC22L,2019-12-28,1056.3132106,71.9,231.1908908,TapisC,1
TAC22L,2019-12-29,705.610843,72.5,231.1908908,TapisC,1
TAC22L,2019-12-30,699.3742004,78.7,231.1908908,TapisC,1
TAC22L,2019-12-31,713.1528294,79.5,231.1908908,TapisC,1
TAC22L,2020-01-01,713.1528294,81.2,231.1908908,TapisC,1
TAC22L,2020-01-02,713.1528294,82.2,231.1908908,TapisC,1
TAC22L,2020-01-03,713.1528294,80.9,231.1908908,TapisC,1
TAC22L,2020-01-04,713.1528294,83.1,231.1908908,TapisC,1
TAC22L,2020-01-05,713.1528294,81.7,231.1908908,TapisC,1
TAC22L,2020-01-06,713.1528294,82.3,231.1908908,TapisC,1
TAC22L,2020-01-07,713.1528294,82.4,72.5191,TapisC,1
TAC22L,2020-01-08,713.1528294,82.5,72.5191,TapisC,1
TAC22L,2020-01-09,695.458169,83.4,72.5191,TapisC,1
TAC22L,2020-01-10,1447.0461214,55.0,72.5191,TapisC,1
TAC22L,2020-01-11,226.259592,29.4,72.5191,TapisC,1
TAC22L,2020-01-12,226.259592,29.4,72.5191,TapisC,1
TAC22L,2020-01-13,226.259592,29.4,72.5191,TapisC,1
TAC22L,2020-01-14,687.1909916,82.2,72.5191,TapisC,1
TAC22L,2020-01-15,708.511607,83.0,72.5191,TapisC,1
TAC22L,2020-01-16,683.2749602,83.6,72.5191,TapisC,1
TAC22L,2020-01-17,676.8932794,83.9,227.2748594,TapisC,1
TAC22L,2020-01-18,688.4963354,83.4,227.2748594,TapisC,1
TAC22L,2020-01-19,687.481068,83.5,227.2748594,TapisC,1
TAC22L,2020-01-20,636.8627362,81.8,227.2748594,TapisC,1
TAC22L,2020-01-21,686.755877,83.8,227.2748594,TapisC,1
TAC22L,2020-01-22,686.755877,83.8,227.2748594,TapisC,1
TAC22L,2020-01-23,686.755877,83.8,227.2748594,TapisC,1
TAC22L,2020-01-24,686.755877,84.2,227.2748594,TapisC,1
TAC22L,2020-01-25,686.755877,84.2,227.2748594,TapisC,1
TAC22L,2020-01-26,686.755877,84.1,227.2748594,TapisC,1
TAC22L,2020-01-27,686.755877,84.2,227.2748594,TapisC,1
TAC22L,2020-01-28,686.755877,83.9,227.2748594,TapisC,1
TAC22L,2020-01-29,686.755877,84.0,227.2748594,TapisC,1
TAC22L,2020-01-30,686.755877,84.0,227.2748594,TapisC,1
TAC22L,2020-01-31,686.755877,84.0,227.2748594,TapisC,1
TAC22L,2020-02-01,686.755877,84.3,227.2748594,TapisC,1
TAC22L,2020-02-02,686.755877,84.3,227.2748594,TapisC,1
TAC22L,2020-02-03,686.755877,84.8,227.2748594,TapisC,1
TAC22L,2020-02-04,686.755877,84.7,72.5191,TapisC,1
TAC22L,2020-02-05,686.755877,84.0,228.1450886,TapisC,1
TAC22L,2020-02-06,686.755877,85.0,228.1450886,TapisC,1
TAC22L,2020-02-07,686.755877,85.0,228.1450886,TapisC,1
TAC22L,2020-02-08,686.755877,85.0,228.0000504,TapisC,1
TAC22L,2020-02-09,686.755877,84.7,228.1450886,TapisC,1
TAC22L,2020-02-10,686.755877,84.8,228.1450886,TapisC,1
TAC22L,2020-02-11,686.755877,84.8,228.0000504,TapisC,1
TAC22L,2020-02-12,680.8093108,84.9,228.1450886,TapisC,1
TAC22L,2020-02-13,12.34275082,85.1,228.1450886,TapisC,1
TAC22L,2020-02-14,682.6948074,85.0,228.1450886,TapisC,1
TAC22L,2020-02-15,681.5345018,85.1,228.1450886,TapisC,1
TAC22L,2020-02-16,689.9467174,84.4,227.8550122,TapisC,1
TAC22L,2020-02-17,694.2978634,84.3,227.8550122,TapisC,1
TAC22L,2020-02-18,670.076484,84.0,228.0000504,TapisC,1
TAC22L,2020-02-19,670.076484,84.6,228.0000504,TapisC,1
TAC22L,2020-02-20,670.076484,84.5,228.0000504,TapisC,1
TAC22L,2020-02-21,670.076484,85.0,228.0000504,TapisC,1
TAC22L,2020-02-22,670.076484,84.9,228.0000504,TapisC,1
TAC22L,2020-02-23,670.076484,83.6,228.0000504,TapisC,1
TAC22L,2020-02-24,670.076484,84.7,228.0000504,TapisC,1
TAC22L,2020-02-25,670.076484,84.7,228.0000504,TapisC,1
TAC22L,2020-02-26,670.076484,84.8,228.0000504,TapisC,1
TAC22L,2020-02-27,670.076484,82.9,228.0000504,TapisC,1
TAC22L,2020-02-28,670.076484,85.1,228.0000504,TapisC,1
TAC22L,2020-02-29,670.076484,85.1,228.0000504,TapisC,1
TAC22L,2020-03-01,670.076484,85.1,228.0000504,TapisC,1
TAC22L,2020-03-02,670.076484,85.3,228.0000504,TapisC,1
TAC22L,2020-03-03,670.076484,85.4,228.435165,TapisC,1
TAC22L,2020-03-04,670.076484,85.0,228.435165,TapisC,1
TAC22L,2020-03-05,670.076484,85.8,228.5802032,TapisC,1
TAC22L,2020-03-06,670.076484,85.8,228.5802032,TapisC,1
TAC22L,2020-03-07,670.076484,86.0,228.435165,TapisC,1
TAC22L,2020-03-08,670.076484,86.0,220.7481404,TapisC,1
TAC22L,2020-03-09,670.076484,85.0,227.709974,TapisC,1
TAC22L,2020-03-10,670.076484,85.0,228.0000504,TapisC,1
TAC22L,2020-03-11,686.030686,85.4,228.1450886,TapisC,1
TAC22L,2020-03-12,684.1451894,85.5,228.435165,TapisC,1
TAC22L,2020-03-13,228.435165,85.6,228.435165,TapisC,1
TAC22L,2020-03-14,680.8093108,85.5,228.435165,TapisC,1
TAC22L,2020-03-15,676.7482412,85.6,228.5802032,TapisC,1
TAC22L,2020-03-16,228.5802032,85.7,228.5802032,TapisC,1
TAC22L,2020-03-17,672.6871716,85.8,228.5802032,TapisC,1
TAC22L,2020-03-18,672.6871716,85.8,228.5802032,TapisC,1
TAC22L,2020-03-19,672.6871716,85.8,228.5802032,TapisC,1
TAC22L,2020-03-20,672.6871716,85.8,228.5802032,TapisC,1
TAC22L,2020-03-21,672.6871716,85.8,228.5802032,TapisC,1
TAC22L,2020-03-22,672.6871716,85.8,228.5802032,TapisC,1
TAC22L,2020-03-23,672.6871716,85.8,228.5802032,TapisC,1
TAC22L,2020-03-24,672.6871716,31.1,228.5802032,TapisC,1
TAC22L,2020-03-25,672.6871716,86.4,228.5802032,TapisC,1
TAC22L,2020-03-26,672.6871716,84.6,228.5802032,TapisC,1
TAC22L,2020-03-27,672.6871716,84.6,220.1679876,TapisC,1
TAC22L,2020-03-28,672.6871716,86.4,220.1679876,TapisC,1
TAC22L,2020-03-29,672.6871716,84.1,220.1679876,TapisC,1
TAC22L,2020-03-30,672.6871716,85.0,220.1679876,TapisC,1
TAC22L,2020-03-31,672.6871716,85.0,220.1679876,TapisC,1
TAC22L,2020-04-01,671.8169424,85.5,228.0000504,TapisC,1
TAC22L,2020-04-02,228.1450886,85.5,228.0000504,TapisC,1
TAC22L,2020-04-03,665.725338,85.7,228.1450886,TapisC,1
TAC22L,2020-04-04,661.5192302,85.7,228.1450886,TapisC,1
TAC22L,2020-04-05,663.1146504,85.8,228.1450886,TapisC,1
TAC22L,2020-04-06,658.473428,85.9,228.1450886,TapisC,1
TAC22L,2020-04-07,654.122282,86.0,228.2901268,TapisC,1
TAC22L,2020-04-08,652.8169382,86.1,228.5802032,TapisC,1
TAC22L,2020-04-09,656.1528168,86.0,228.435165,TapisC,1
TAC22L,2020-04-10,652.9619764,86.1,228.435165,TapisC,1
TAC22L,2020-04-11,648.6108304,86.2,228.5802032,TapisC,1
TAC22L,2020-04-12,651.6566326,86.0,228.435165,TapisC,1
TAC22L,2020-04-13,646.7253338,86.2,228.435165,TapisC,1
TAC22L,2020-04-14,228.435165,86.1,228.435165,TapisC,1
TAC22L,2020-04-15,228.435165,86.3,228.435165,TapisC,1
TAC22L,2020-04-16,228.435165,86.3,228.435165,TapisC,1
TAC22L,2020-04-17,228.435165,85.6,228.435165,TapisC,1
TAC22L,2020-04-18,228.435165,86.0,228.435165,TapisC,1
TAC22L,2020-04-19,228.435165,86.1,228.435165,TapisC,1
TAC22L,2020-04-20,228.435165,86.1,228.435165,TapisC,1
TAC22L,2020-04-21,228.435165,86.2,228.0000504,TapisC,1
TAC22L,2020-04-22,228.435165,81.6,228.0000504,TapisC,1
TAC22L,2020-04-23,228.435165,86.3,228.0000504,TapisC,1
TAC22L,2020-04-24,228.435165,86.2,228.0000504,TapisC,1
TAC22L,2020-04-25,228.435165,86.2,228.0000504,TapisC,1
TAC22L,2020-04-26,228.435165,86.1,228.0000504,TapisC,1
TAC22L,2020-04-27,228.435165,86.1,228.0000504,TapisC,1
TAC22L,2020-04-28,228.435165,86.1,228.0000504,TapisC,1
TAC22L,2020-04-29,228.435165,86.2,228.0000504,TapisC,1
TAC22L,2020-04-30,228.435165,86.3,228.7252414,TapisC,1
TAC22L,2020-05-01,228.435165,86.3,228.7252414,TapisC,1
TAC22L,2020-05-02,628.4505206,86.5,228.7252414,TapisC,1
TAC22L,2020-05-03,628.4505206,86.4,228.7252414,TapisC,1
TAC22L,2020-05-04,629.3207498,86.4,228.5802032,TapisC,1
TAC22L,2020-05-05,635.4123542,86.5,228.5802032,TapisC,1
TAC22L,2020-05-06,629.9009026,86.3,228.7252414,TapisC,1
TAC22L,2020-05-07,629.9009026,86.3,220.6031022,TapisC,1
TAC22L,2020-05-08,637.5879272,86.4,228.5802032,TapisC,1
TAC22L,2020-05-09,637.5879272,86.4,223.358828,TapisC,1
TAC22L,2020-05-10,650.496327,85.8,227.8550122,TapisC,1
TAC22L,2020-05-11,650.496327,85.8,219.732873,TapisC,1
TAC22L,2020-05-12,650.496327,85.8,218.5725674,TapisC,1
TAC22L,2020-05-13,650.496327,30.5,218.5725674,TapisC,1
TAC22L,2020-05-14,650.496327,31.3,218.5725674,TapisC,1
TAC22L,2020-05-15,650.496327,32.0,218.5725674,TapisC,1
TAC22L,2020-05-16,650.496327,31.1,218.5725674,TapisC,1
TAC22L,2020-05-17,650.496327,30.6,218.5725674,TapisC,1
TAC22L,2020-05-18,650.496327,30.4,218.5725674,TapisC,1
TAC22L,2020-05-19,650.496327,30.4,218.5725674,TapisC,1
TAC22L,2020-05-20,650.496327,31.0,215.9618798,TapisC,1
TAC22L,2020-05-21,650.496327,37.0,215.8168416,TapisC,1
TAC22L,2020-05-22,650.496327,30.0,215.8168416,TapisC,1
TAC22L,2020-05-23,650.496327,30.0,227.5649358,TapisC,1
TAC22L,2020-05-24,650.496327,30.0,227.709974,TapisC,1
TAC22L,2020-05-25,650.496327,85.8,227.709974,TapisC,1
TAC22L,2020-05-26,650.496327,85.0,227.5649358,TapisC,1
TAC22L,2020-05-27,650.496327,85.0,227.5649358,TapisC,1
TAC22L,2020-05-28,650.496327,85.0,227.709974,TapisC,1
TAC22L,2020-05-29,651.3665562,85.4,227.709974,TapisC,1
TAC22L,2020-05-30,651.3665562,85.6,227.709974,TapisC,1
TAC22L,2020-05-31,651.3665562,86.0,227.8550122,TapisC,1
TAC22L,2020-06-01,651.3665562,85.4,227.8550122,TapisC,1
TAC22L,2020-06-02,651.3665562,86.0,227.8550122,TapisC,1
TAC22L,2020-06-03,651.3665562,86.0,227.709974,TapisC,1
TAC22L,2020-06-04,651.3665562,86.0,227.8550122,TapisC,1
TAC22L,2020-06-05,651.3665562,86.0,227.8550122,TapisC,1
TAC22L,2020-06-06,651.3665562,86.0,227.8550122,TapisC,1
TAC22L,2020-06-07,651.3665562,86.0,227.8550122,TapisC,1
TAC22L,2020-06-08,651.3665562,86.0,227.8550122,TapisC,1
TAC22L,2020-06-09,651.3665562,85.7,227.8550122,TapisC,1
TAC22L,2020-06-10,651.3665562,86.1,227.8550122,TapisC,1
TAC22L,2020-06-11,651.3665562,85.7,227.8550122,TapisC,1
TAC22L,2020-06-12,651.3665562,85.7,227.8550122,TapisC,1
TAC22L,2020-06-13,651.3665562,85.5,227.8550122,TapisC,1
TAC22L,2020-06-14,651.3665562,85.6,227.8550122,TapisC,1
TAC22L,2020-06-15,651.3665562,86.1,227.8550122,TapisC,1
TAC22L,2020-06-16,651.3665562,86.0,227.8550122,TapisC,1
TAC22L,2020-06-17,651.3665562,85.7,227.8550122,TapisC,1
TAC22L,2020-06-18,651.3665562,85.7,227.8550122,TapisC,1
TAC22L,2020-06-19,651.3665562,85.7,227.8550122,TapisC,1
TAC22L,2020-06-20,651.3665562,85.7,227.8550122,TapisC,1
TAC22L,2020-06-21,651.3665562,85.7,227.8550122,TapisC,1
TAC22L,2020-06-22,651.3665562,85.7,227.8550122,TapisC,1
TAC22L,2020-06-23,651.3665562,85.7,225.9695156,TapisC,1
TAC22L,2020-06-24,651.3665562,84.0,226.8397448,TapisC,1
TAC22L,2020-06-25,651.3665562,85.0,227.2748594,TapisC,1
TAC22L,2020-06-26,651.3665562,85.0,227.4198976,TapisC,1
TAC22L,2020-06-27,651.3665562,81.0,227.4198976,TapisC,1
TAC22L,2020-06-28,651.3665562,85.0,227.709974,TapisC,1
TAC22L,2020-06-29,651.3665562,85.0,227.709974,TapisC,1
TAC22L,2020-06-30,652.2367854,85.6,227.709974,TapisC,1
TAC22L,2020-07-01,651.5115944,85.9,227.709974,TapisC,1
TAC22L,2020-07-02,651.5115944,85.9,227.709974,TapisC,1
TAC22L,2020-07-03,654.5573966,85.6,227.8550122,TapisC,1
TAC22L,2020-07-04,654.122282,86.0,227.8550122,TapisC,1
TAC22L,2020-07-05,654.122282,86.0,227.8550122,TapisC,1
TAC22L,2020-07-06,654.5573966,86.1,227.8550122,TapisC,1
TAC22L,2020-07-07,654.5573966,86.0,227.8550122,TapisC,1
TAC22L,2020-07-08,654.5573966,86.1,227.8550122,TapisC,1
TAC22L,2020-07-09,654.5573966,85.6,227.8550122,TapisC,1
TAC22L,2020-07-10,654.5573966,85.8,227.8550122,TapisC,1
TAC22L,2020-07-11,654.5573966,85.7,227.8550122,TapisC,1
TAC22L,2020-07-12,654.5573966,85.4,227.709974,TapisC,1
TAC22L,2020-07-13,654.5573966,86.0,227.8550122,TapisC,1
TAC22L,2020-07-14,654.5573966,85.9,227.8550122,TapisC,1
TAC22L,2020-07-15,654.5573966,86.0,227.8550122,TapisC,1
TAC22L,2020-07-16,654.5573966,86.1,227.8550122,TapisC,1
TAC22L,2020-07-17,654.5573966,86.1,227.8550122,TapisC,1
TAC22L,2020-07-18,654.5573966,86.1,227.8550122,TapisC,1
TAC22L,2020-07-19,654.5573966,85.3,227.4198976,TapisC,1
TAC22L,2020-07-20,654.5573966,85.0,227.709974,TapisC,1
TAC22L,2020-07-21,654.5573966,80.0,228.0000504,TapisC,1
TAC22L,2020-07-22,654.5573966,85.0,228.1450886,TapisC,1
TAC22L,2020-07-23,654.5573966,86.0,227.709974,TapisC,1
TAC22L,2020-07-24,654.5573966,86.0,226.984783,TapisC,1
TAC22L,2020-07-25,654.5573966,85.0,226.984783,TapisC,1
TAC22L,2020-07-26,654.5573966,85.0,226.8397448,TapisC,1
TAC22L,2020-07-27,654.5573966,85.0,226.984783,TapisC,1
TAC22L,2020-07-28,667.17572,85.5,226.984783,TapisC,1
TAC22L,2020-07-29,666.7406054,85.5,227.1298212,TapisC,1
TAC22L,2020-07-30,666.0154144,85.5,227.1298212,TapisC,1
TAC22L,2020-07-31,666.5955672,85.5,227.1298212,TapisC,1
TAC22L,2020-08-01,667.7558728,85.6,227.1298212,TapisC,1
TAC22L,2020-08-02,665.725338,85.6,226.984783,TapisC,1
TAC22L,2020-08-03,666.3054908,85.8,226.984783,TapisC,1
TAC22L,2020-08-04,666.3054908,85.7,227.1298212,TapisC,1
TAC22L,2020-08-05,666.3054908,85.7,218.5725674,TapisC,1
TAC22L,2020-08-06,666.3054908,84.4,226.1145538,TapisC,1
TAC22L,2020-08-07,669.7864076,85.3,226.6947066,TapisC,1
TAC22L,2020-08-08,668.7711402,85.7,226.984783,TapisC,1
TAC22L,2020-08-09,668.7711402,85.7,226.984783,TapisC,1
TAC22L,2020-08-10,668.7711402,86.0,226.984783,TapisC,1
TAC22L,2020-08-11,668.7711402,53.8,225.8244774,TapisC,1
TAC22L,2020-08-12,668.7711402,24.3,220.0229494,TapisC,1
TAC22L,2020-08-13,668.7711402,21.6,218.8626438,TapisC,1
TAC22L,2020-08-14,668.7711402,20.4,219.007682,TapisC,1
TAC22L,2020-08-15,668.7711402,23.5,217.9924146,TapisC,1
TAC22L,2020-08-16,668.7711402,22.6,217.5573,TapisC,1
TAC22L,2020-08-17,668.7711402,22.7,217.2672236,TapisC,1
TAC22L,2020-08-18,668.7711402,22.7,216.832109,TapisC,1
TAC22L,2020-08-19,668.7711402,22.7,216.832109,TapisC,1
TAC22L,2020-08-20,668.7711402,22.7,216.3969944,TapisC,1
TAC22L,2020-08-21,668.7711402,22.7,216.3969944,TapisC,1
TAC22L,2020-08-22,668.7711402,22.7,223.9389808,TapisC,1
TAC22L,2020-08-23,668.7711402,86.0,225.534401,TapisC,1
TAC22L,2020-08-24,668.7711402,86.0,225.534401,TapisC,1
TAC22L,2020-08-25,788.5726934,85.5,224.084019,TapisC,1
TAC22L,2020-08-26,667.900911,84.4,225.8244774,TapisC,1
TAC22L,2020-08-27,282.2443372,27.9,217.8473764,TapisC,1
TAC22L,2020-08-28,684.580304,83.3,225.0992864,TapisC,1
TAC22L,2020-08-29,658.6184662,90.9,225.9695156,TapisC,1
TAC22L,2020-08-30,646.7253338,85.2,226.259592,TapisC,1
TAC22L,2020-08-31,644.694799,85.2,226.4046302,TapisC,1
TAC22L,2020-09-01,644.694799,85.3,226.5496684,TapisC,1
TAC22L,2020-09-02,644.694799,85.6,226.6947066,TapisC,1
TAC22L,2020-09-03,644.694799,85.4,226.6947066,TapisC,1
TAC22L,2020-09-04,644.694799,85.5,226.6947066,TapisC,1
TAC22L,2020-09-05,644.694799,85.5,226.6947066,TapisC,1
TAC22L,2020-09-06,644.694799,85.6,226.8397448,TapisC,1
TAC22L,2020-09-07,644.694799,85.6,226.8397448,TapisC,1
TAC22L,2020-09-08,644.694799,85.8,226.984783,TapisC,1
TAC22L,2020-09-09,644.694799,86.0,227.1298212,TapisC,1
TAC22L,2020-09-10,644.694799,85.4,226.8397448,TapisC,1
TAC22L,2020-09-11,644.694799,85.9,226.8397448,TapisC,1
TAC22L,2020-09-12,644.694799,85.5,226.8397448,TapisC,1
TAC22L,2020-09-13,644.694799,85.7,226.984783,TapisC,1
TAC22L,2020-09-14,644.694799,85.7,226.984783,TapisC,1
TAC22L,2020-09-15,644.694799,85.6,226.984783,TapisC,1
TAC22L,2020-09-16,644.694799,85.6,226.984783,TapisC,1
TAC22L,2020-09-17,644.694799,85.6,226.984783,TapisC,1
TAC22L,2020-09-18,644.694799,85.6,226.984783,TapisC,1
TAC22L,2020-09-19,644.694799,85.6,227.2748594,TapisC,1
TAC22L,2020-09-20,644.694799,85.6,226.984783,TapisC,1
TAC22L,2020-09-21,644.694799,85.6,226.984783,TapisC,1
TAC22L,2020-09-22,644.694799,85.6,226.984783,TapisC,1
TAC22L,2020-09-23,600.6031862,86.2,226.984783,TapisC,1
TAC22L,2020-09-24,592.6260852,86.2,226.6947066,TapisC,1
TAC22L,2020-09-25,589.4352448,86.4,227.1298212,TapisC,1
TAC22L,2020-09-26,586.3894426,86.2,227.1298212,TapisC,1
TAC22L,2020-09-27,577.252036,86.2,227.2748594,TapisC,1
TAC22L,2020-09-28,581.8932584,86.4,227.2748594,TapisC,1
TAC22L,2020-09-29,580.4428764,86.6,227.2748594,TapisC,1
TAC22L,2020-09-30,580.4428764,86.4,227.1298212,TapisC,1
TAC22L,2020-10-01,580.4428764,86.5,227.2748594,TapisC,1
TAC22L,2020-10-02,580.4428764,86.4,227.2748594,TapisC,1
TAC22L,2020-10-03,580.4428764,86.5,227.2748594,TapisC,1
TAC22L,2020-10-04,580.4428764,86.4,1734.0767192,TapisC,1
TAC22L,2020-10-05,580.4428764,86.4,225.6794392,TapisC,1
TAC22L,2020-10-06,580.4428764,86.0,227.1298212,TapisC,1
TAC22L,2020-10-07,580.4428764,86.2,226.984783,TapisC,1
TAC22L,2020-10-08,580.4428764,86.4,227.2748594,TapisC,1
TAC22L,2020-10-09,580.4428764,86.5,227.5649358,TapisC,1
TAC22L,2020-10-10,580.4428764,86.4,227.2748594,TapisC,1
TAC22L,2020-10-11,580.4428764,86.6,227.5649358,TapisC,1
TAC22L,2020-10-12,580.4428764,86.4,227.4198976,TapisC,1
TAC22L,2020-10-13,580.4428764,86.6,227.5649358,TapisC,1
TAC22L,2020-10-14,580.4428764,86.6,227.709974,TapisC,1
TAC22L,2020-10-15,580.4428764,87.0,227.5649358,TapisC,1
TAC22L,2020-10-16,580.4428764,87.0,227.5649358,TapisC,1
TAC22L,2020-10-17,580.4428764,87.0,227.709974,TapisC,1
TAC22L,2020-10-18,567.3894384,87.1,227.5649358,TapisC,1
TAC22L,2020-10-19,570.8703552,87.1,227.709974,TapisC,1
TAC22L,2020-10-20,567.3894384,87.1,227.709974,TapisC,1
TAC22L,2020-10-21,567.3894384,87.0,227.8550122,TapisC,1
TAC22L,2020-10-22,569.5650114,87.2,227.709974,TapisC,1
TAC22L,2020-10-23,573.4810428,87.1,227.709974,TapisC,1
TAC22L,2020-10-24,568.549744,87.2,227.8550122,TapisC,1
TAC22L,2020-10-25,567.9695912,87.0,227.709974,TapisC,1
TAC22L,2020-10-26,570.000126,87.0,227.709974,TapisC,1
TAC22L,2020-10-27,570.000126,86.0,227.709974,TapisC,1
TAC22L,2020-10-28,570.000126,87.1,227.8550122,TapisC,1
TAC22L,2020-10-29,570.000126,87.1,227.709974,TapisC,1
TAC22L,2020-10-30,570.000126,87.1,227.709974,TapisC,1
TAC22L,2020-10-31,580.1528,87.0,227.8550122,TapisC,1
TAC22L,2020-11-01,580.1528,86.8,227.709974,TapisC,1
TAC22L,2020-11-02,580.1528,86.9,227.709974,TapisC,1
TAC22L,2020-11-03,580.1528,87.0,227.8550122,TapisC,1
TAC22L,2020-11-04,580.1528,87.1,227.709974,TapisC,1
TAC22L,2020-11-05,580.1528,87.1,227.8550122,TapisC,1
TAC22L,2020-11-06,580.1528,87.2,227.8550122,TapisC,1
TAC22L,2020-11-07,580.1528,87.0,227.8550122,TapisC,1
TAC22L,2020-11-08,580.1528,86.9,227.709974,TapisC,1
TAC22L,2020-11-09,580.1528,87.1,227.8550122,TapisC,1
TAC22L,2020-11-10,580.1528,87.0,1098.0842122,TapisC,1
TAC22L,2020-11-11,575.5115776,87.1,227.8550122,TapisC,1
TAC22L,2020-11-12,574.7863866,87.0,227.709974,TapisC,1
TAC22L,2020-11-13,575.3665394,87.1,227.8550122,TapisC,1
TAC22L,2020-11-14,585.954328,86.9,227.8550122,TapisC,1
TAC22L,2020-11-15,582.1833348,87.0,227.8550122,TapisC,1
TAC22L,2020-11-16,581.3131056,86.9,227.8550122,TapisC,1
TAC22L,2020-11-17,578.1222652,87.1,227.8550122,TapisC,1
TAC22L,2020-11-18,580.1528,87.1,227.8550122,TapisC,1
TAC22L,2020-11-19,580.1528,87.1,227.8550122,TapisC,1
TAC22L,2020-11-20,576.9619596,87.1,228.0000504,TapisC,1
TAC22L,2020-11-21,584.2138696,87.1,227.8550122,TapisC,1
TAC22L,2020-11-22,581.1680674,87.0,228.0000504,TapisC,1
TAC22L,2020-11-23,584.3589078,87.0,228.0000504,TapisC,1
TAC22L,2020-11-24,580.1528,86.9,228.0000504,TapisC,1
TAC22L,2020-11-25,58.01528,87.1,228.0000504,TapisC,1
TAC22L,2020-11-26,58.01528,87.0,228.0000504,TapisC,1
TAC22L,2020-11-27,546.068823,87.0,228.0000504,TapisC,1
TAC22L,2020-11-28,588.4199774,87.0,228.0000504,TapisC,1
TAC22L,2020-11-29,12.6183234,87.0,228.0000504,TapisC,1
TAC22L,2020-11-30,12.6183234,87.0,228.0000504,TapisC,1
TAC22L,2020-12-01,12.6183234,87.0,228.0000504,TapisC,1
TAC22L,2020-12-02,12.6183234,87.0,228.0000504,TapisC,1
TAC22L,2020-12-03,12.6183234,87.0,228.1450886,TapisC,1
TAC22L,2020-12-04,12.6183234,87.0,228.0000504,TapisC,1
TAC22L,2020-12-05,12.6183234,87.2,228.0000504,TapisC,1
TAC22L,2020-12-06,12.6183234,87.2,228.0000504,TapisC,1
TAC22L,2020-12-07,12.6183234,87.0,228.1450886,TapisC,1
TAC22L,2020-12-08,12.6183234,87.3,228.0000504,TapisC,1
TAC22L,2020-12-09,12.6183234,84.7,1030.496411,TapisC,1
TAC22L,2020-12-10,12.6183234,84.9,1175.8246874,TapisC,1
TAC22L,2020-12-11,12.6183234,84.9,1411.3667242,TapisC,1
TAC22L,2020-12-12,629.1757116,81.0,1437.328562,TapisC,1
TAC22L,2020-12-13,629.1757116,81.0,1625.2980692,TapisC,1
TAC22L,2020-12-14,627.4352532,80.9,1431.0919194,TapisC,1
TAC22L,2020-12-15,518.3665268,65.7,1709.4202252,TapisC,1
TAC22L,2020-12-16,388.9924524,67.7,1711.5957982,TapisC,1
TAC22L,2020-12-17,388.9924524,67.7,1719.7179374,TapisC,1
TAC22L,2020-12-18,586.5344808,80.1,1720.7332048,TapisC,1
TAC22L,2020-12-19,234.961884,80.0,1724.504198,TapisC,1
TAC22L,2020-12-20,626.1299094,80.2,1726.9698474,TapisC,1
TAC22L,2020-12-21,584.6489842,80.2,1707.099614,TapisC,1
TAC22L,2020-12-22,627.1451768,80.3,1701.298086,TapisC,1
TAC22L,2020-12-23,625.2596802,80.3,1700.2828186,TapisC,1
TAC22L,2020-12-24,625.2596802,80.0,1701.4431242,TapisC,1
TAC22L,2020-12-25,625.2596802,80.3,1702.023277,TapisC,1
TAC22L,2020-12-26,625.2596802,80.2,1698.1072456,TapisC,1
TAC22L,2020-12-27,625.2596802,80.2,1698.9774748,TapisC,1
TAC22L,2020-12-28,625.2596802,80.1,1703.1835826,TapisC,1
TAC22L,2020-12-29,625.2596802,80.2,1703.7637354,TapisC,1
TAC22L,2020-12-30,625.2596802,80.1,1703.0385444,TapisC,1
TAC22L,2020-12-31,625.2596802,80.1,1695.7866344,TapisC,1
TAC22L,2021-01-01,625.2596802,80.0,1700.1377804,TapisC,1
TAC22L,2021-01-02,625.2596802,82.5,1534.6491942,TapisC,1
TAC22L,2021-01-03,625.2596802,79.1,1683.3133492,TapisC,1
TAC22L,2021-01-04,625.2596802,79.0,1683.7484638,TapisC,1
TAC22L,2021-01-05,625.2596802,79.0,1677.2217448,TapisC,1
TAC22L,2021-01-06,625.2596802,80.2,1695.3515198,TapisC,1
TAC22L,2021-01-07,625.2596802,80.2,1697.0919782,TapisC,1
TAC22L,2021-01-08,615.687159,80.2,1697.672131,TapisC,1
TAC22L,2021-01-09,614.236777,80.3,1694.9164052,TapisC,1
TAC22L,2021-01-10,616.41235,80.3,1691.5805266,TapisC,1
TAC22L,2021-01-11,614.961968,80.3,1691.5805266,TapisC,1
TAC22L,2021-01-12,614.961968,80.3,1716.9622116,TapisC,1
TAC22L,2021-01-13,614.961968,34.7,217.9924146,TapisC,1
TAC22L,2021-01-14,614.961968,34.7,217.7023382,TapisC,1
TAC22L,2021-01-15,595.5268492,78.3,1689.5499918,TapisC,1
TAC22L,2021-01-16,624.6795274,78.8,1688.5347244,TapisC,1
TAC22L,2021-01-17,615.8321972,79.4,1691.7255648,TapisC,1
TAC22L,2021-01-18,610.1757074,79.6,1512.023235,TapisC,1
TAC22L,2021-01-19,609.5955546,79.7,1691.145412,TapisC,1
TAC22L,2021-01-20,607.2749434,79.9,1691.870603,TapisC,1
TAC22L,2021-01-21,605.2444086,80.1,1691.145412,TapisC,1
TAC22L,2021-01-22,605.2444086,80.1,1700.8629714,TapisC,1
TAC22L,2021-01-23,605.2444086,80.1,1691.2904502,TapisC,1
TAC22L,2021-01-24,605.2444086,80.2,1690.8553356,TapisC,1
TAC22L,2021-01-25,605.2444086,80.2,1690.420221,TapisC,1
TAC22L,2021-01-26,605.2444086,80.2,603.0688356,TapisC,1
TAC22L,2021-01-27,605.2444086,80.2,1691.0003738,TapisC,1
TAC22L,2021-01-28,605.2444086,80.2,1691.0003738,TapisC,1
TAC22L,2021-01-29,605.2444086,80.2,1691.0003738,TapisC,1
TAC22L,2021-01-30,605.2444086,80.2,1691.0003738,TapisC,1
TAC22L,2021-01-31,605.2444086,80.2,1691.0003738,TapisC,1
TAC22L,2021-02-01,605.2444086,80.2,1691.0003738,TapisC,1
TAC22L,2021-02-02,605.2444086,80.4,1690.420221,TapisC,1
TAC22L,2021-02-03,605.2444086,80.3,1690.1301446,TapisC,0
TAC22L,2021-02-04,605.2444086,80.3,1690.1301446,TapisC,1
TAC22L,2021-02-05,605.2444086,80.4,1690.2751828,TapisC,1
TAC22L,2021-02-06,605.2444086,80.4,1689.69503,TapisC,1
TAC22L,2021-02-07,605.2444086,28.7,1691.5805266,TapisC,1
TAC22L,2021-02-08,605.2444086,62.4,1719.2828228,TapisC,1
TAC22L,2021-02-09,605.2444086,79.7,1689.1148772,TapisC,1
TAC22L,2021-02-10,605.2444086,80.0,1691.0003738,TapisC,1
TAC22L,2021-02-11,603.2138738,80.0,1690.8553356,TapisC,1
TAC22L,2021-02-12,603.2138738,29.2,1864.7561374,TapisC,1
TAC22L,2021-02-13,626.1299094,78.8,1693.7560996,TapisC,1
TAC22L,2021-02-14,611.4810512,79.2,1693.9011378,TapisC,1
TAC22L,2021-02-15,602.1986064,79.8,1692.8858704,TapisC,1
TAC22L,2021-02-16,599.4428806,80.0,1694.3362524,TapisC,1
TAC22L,2021-02-17,601.7634918,80.0,1694.771367,TapisC,1
TAC22L,2021-02-18,599.732957,80.0,1694.6263288,TapisC,1
TAC22L,2021-02-19,599.732957,80.0,1694.6263288,TapisC,1
TAC22L,2021-02-20,599.732957,80.0,1694.6263288,TapisC,1
TAC22L,2021-02-21,599.732957,80.0,1694.6263288,TapisC,1
TAC22L,2021-02-22,599.732957,80.0,1694.6263288,TapisC,1
TAC22L,2021-02-23,599.732957,80.0,1694.6263288,TapisC,1
TAC22L,2021-02-24,599.732957,80.0,1694.6263288,TapisC,1
TAC22L,2021-02-25,599.732957,80.0,1694.6263288,TapisC,1
TAC22L,2021-02-26,599.732957,80.4,1693.7560996,TapisC,1
TAC22L,2021-02-27,599.732957,80.4,1695.2064816,TapisC,1
TAC22L,2021-02-28,599.732957,80.4,1694.9164052,TapisC,1
TAC22L,2021-03-01,599.732957,80.4,1693.9011378,TapisC,1
TAC22L,2021-03-02,599.732957,80.5,1694.9164052,TapisC,1
TAC22L,2021-03-03,599.732957,80.5,1694.9164052,TapisC,1
TAC22L,2021-03-04,599.732957,80.3,1694.4812906,TapisC,1
TAC22L,2021-03-05,598.4276132,80.3,1692.3057176,TapisC,1
TAC22L,2021-03-06,600.3131098,80.3,1695.0614434,TapisC,1
TAC22L,2021-03-07,613.0764714,79.8,1695.6415962,TapisC,1
TAC22L,2021-03-08,608.8703636,80.0,1693.7560996,TapisC,1
TAC22L,2021-03-09,608.8703636,80.0,1694.1912142,TapisC,1
TAC22L,2021-03-10,608.8703636,80.0,1693.9011378,TapisC,1
TAC22L,2021-03-11,608.8703636,80.0,1663.0080012,TapisC,1
TAC22L,2021-03-12,608.8703636,80.0,1696.6568636,TapisC,1
TAC22L,2021-03-13,608.8703636,80.0,1696.6568636,TapisC,1
TAC22L,2021-03-14,608.8703636,80.0,1694.6263288,TapisC,1
TAC22L,2021-03-15,608.8703636,80.0,1694.1912142,TapisC,0
TAC22L,2021-03-16,603.7940266,80.4,1697.5270928,TapisC,1
TAC22L,2021-03-17,603.7940266,80.4,1697.5270928,TapisC,1
TAC22L,2021-03-18,603.7940266,80.4,1697.5270928,TapisC,1
TAC22L,2021-03-19,603.7940266,80.4,1697.5270928,TapisC,1
TAC22L,2021-03-20,603.7940266,80.4,1697.5270928,TapisC,1
TAC22L,2021-03-21,603.7940266,80.4,1697.5270928,TapisC,0
TAC22L,2021-03-22,603.7940266,80.4,1697.5270928,TapisC,1
TAC22L,2021-03-23,603.7940266,80.4,1697.5270928,TapisC,1
TAC22L,2021-03-24,603.7940266,80.4,1697.5270928,TapisC,0
TAC22L,2021-03-25,603.7940266,80.4,1697.5270928,TapisC,1
TAC22L,2021-03-26,603.7940266,80.0,1704.19885,TapisC,1
TAC22L,2021-03-27,603.7940266,80.8,1696.94694,TapisC,1
TAC22L,2021-03-28,603.7940266,80.8,1697.8171692,TapisC,1
TAC22L,2021-03-29,603.7940266,80.8,1697.8171692,TapisC,1
TAC22L,2021-03-30,603.7940266,80.8,1697.8171692,TapisC,1
TAC22L,2021-03-31,603.7940266,80.8,1697.8171692,TapisC,1
TAC22L,2021-04-01,603.7940266,80.8,1695.7866344,TapisC,1
TAC22L,2021-04-02,599.2978424,80.8,1695.3515198,TapisC,1
TAC22L,2021-04-03,599.2978424,80.8,1695.2064816,TapisC,1
TAC22L,2021-04-04,599.2978424,80.8,1696.3667872,TapisC,1
TAC22L,2021-04-05,612.6413568,80.4,1698.5423602,TapisC,1
TAC22L,2021-04-06,612.6413568,80.4,1698.5423602,TapisC,1
TAC22L,2021-04-07,612.6413568,80.4,1698.6873984,TapisC,1
TAC22L,2021-04-08,612.6413568,80.4,1701.298086,TapisC,1
TAC22L,2021-04-09,612.6413568,80.4,1700.8629714,TapisC,1
TAC22L,2021-04-10,612.6413568,80.4,1698.397322,TapisC,1
TAC22L,2021-04-11,612.6413568,80.4,1697.3820546,TapisC,1
TAC22L,2021-04-12,612.6413568,80.4,1697.5270928,TapisC,1
TAC22L,2021-04-13,604.084103,81.9,1695.496558,TapisC,1
TAC22L,2021-04-14,604.084103,81.9,1695.496558,TapisC,1
TAC22L,2021-04-15,604.084103,81.9,1695.496558,TapisC,1
TAC22L,2021-04-16,604.084103,81.9,1695.496558,TapisC,1
TAC22L,2021-04-17,604.084103,81.9,1699.2675512,TapisC,1
TAC22L,2021-04-18,604.084103,81.9,1699.2675512,TapisC,1
TAC22L,2021-04-19,604.084103,81.9,1699.2675512,TapisC,1
TAC22L,2021-04-20,604.084103,81.9,1698.9774748,TapisC,1
TAC22L,2021-04-21,604.084103,81.9,1698.9774748,TapisC,1
TAC22L,2021-04-22,604.084103,81.9,1699.7026658,TapisC,1
TAC22L,2021-04-23,604.084103,82.1,1700.572895,TapisC,1
TAC22L,2021-04-24,604.084103,81.5,11.8206133,TapisC,1
TAC22L,2021-04-25,604.084103,81.6,1695.3515198,TapisC,1
TAC22L,2021-04-26,604.084103,81.6,1695.3515198,TapisC,1
TAC22L,2021-04-27,604.084103,81.8,1695.7866344,TapisC,1
TAC22L,2021-04-28,604.084103,81.8,1697.5270928,TapisC,1
TAC22L,2021-04-29,606.259676,82.1,1696.94694,TapisC,1
TAC22L,2021-04-30,607.4199816,82.0,1694.9164052,TapisC,1
TAC22L,2021-05-01,606.8398288,82.2,1695.9316726,TapisC,1
TAC22L,2021-05-02,605.2444086,82.3,1696.3667872,TapisC,1
TAC22L,2021-05-03,605.2444086,82.4,1697.0919782,TapisC,1
TAC22L,2021-05-04,605.2444086,82.5,1695.9316726,TapisC,1
TAC22L,2021-05-05,605.2444086,82.5,1695.0614434,TapisC,1
TAC22L,2021-05-06,605.2444086,82.5,1695.0614434,TapisC,1
TAC22L,2021-05-07,605.2444086,82.5,1695.496558,TapisC,1
TAC22L,2021-05-08,601.3283772,82.5,1695.3515198,TapisC,1
TAC22L,2021-05-09,601.3283772,82.5,1696.94694,TapisC,1
TAC22L,2021-05-10,601.3283772,82.5,1696.94694,TapisC,1
TAC22L,2021-05-11,601.3283772,82.5,1696.94694,TapisC,1
TAC22L,2021-05-12,601.3283772,82.5,1696.94694,TapisC,1
TAC22L,2021-05-13,601.3283772,82.5,1696.94694,TapisC,1
TAC22L,2021-05-14,601.3283772,82.5,1699.4125894,TapisC,1
TAC22L,2021-05-15,601.3283772,82.5,1699.4125894,TapisC,1
TAC22L,2021-05-16,601.3283772,82.5,1699.4125894,TapisC,1
TAC22L,2021-05-17,601.3283772,82.5,1699.4125894,TapisC,1
TAC22L,2021-05-18,601.3283772,82.5,1699.5576276,TapisC,1
TAC22L,2021-05-19,601.3283772,82.5,1699.5576276,TapisC,1
TAC22L,2021-05-20,601.3283772,82.5,1699.5576276,TapisC,1
TAC22L,2021-05-21,601.3283772,82.5,1699.5576276,TapisC,1
TAC22L,2021-05-22,601.3283772,82.5,1699.5576276,TapisC,1
TAC22L,2021-05-23,601.3283772,82.5,1699.5576276,TapisC,1
TAC22L,2021-05-24,601.3283772,82.5,1699.5576276,TapisC,1
TAC22L,2021-05-25,601.3283772,82.5,1699.5576276,TapisC,1
TAC22L,2021-05-26,601.3283772,82.5,1699.5576276,TapisC,1
TAC22L,2021-05-27,601.3283772,82.5,1082.2750484,TapisC,1
TAC22L,2021-05-28,601.3283772,82.5,1074.733062,TapisC,1
TAC22L,2021-05-29,601.3283772,82.5,1698.1072456,TapisC,1
TAC22L,2021-05-30,601.3283772,82.5,1696.94694,TapisC,1
TAC22L,2021-05-31,601.3283772,82.5,1699.847704,TapisC,1
TAC22L,2021-06-01,601.3283772,82.5,1698.397322,TapisC,1
TAC22L,2021-06-02,601.3283772,82.5,1699.847704,TapisC,1
TAC22L,2021-06-03,601.3283772,82.5,1699.9927422,TapisC,1
TAC22L,2021-06-04,601.3283772,82.5,1700.4278568,TapisC,1
TAC22L,2021-06-05,601.3283772,82.5,1701.8782388,TapisC,1
TAC22L,2021-06-06,601.3283772,82.5,1699.9927422,TapisC,1
TAC22L,2021-06-07,613.9467006,81.2,1698.2522838,TapisC,1
TAC22L,2021-06-08,618.7329612,80.7,1701.4431242,TapisC,1
TAC22L,2021-06-09,612.061204,81.0,1701.8782388,TapisC,1
TAC22L,2021-06-10,613.6566242,81.0,1704.19885,TapisC,1
TAC22L,2021-06-11,611.0459366,81.4,1703.1835826,TapisC,1
TAC22L,2021-06-12,610.0306692,81.1,1703.6186972,TapisC,1
TAC22L,2021-06-13,613.511586,81.3,1704.6339646,TapisC,1
TAC22L,2021-06-14,612.4963186,81.4,1704.19885,TapisC,1
TAC22L,2021-06-15,603.2138738,81.0,1359.007934,TapisC,1
TAC22L,2021-06-16,1351.6109858,80.3,1363.2140418,TapisC,1
TAC22L,2021-06-17,1351.6109858,80.3,1705.2141174,TapisC,1
TAC22L,2021-06-18,1351.6109858,80.3,1707.3896904,TapisC,1
TAC22L,2021-06-19,1351.6109858,80.3,1707.5347286,TapisC,1
TAC22L,2021-06-20,1351.6109858,80.3,1703.473659,TapisC,1
TAC22L,2021-06-21,1351.6109858,80.3,1702.1683152,TapisC,1
TAC22L,2021-06-22,1351.6109858,80.3,1702.1683152,TapisC,1
TAC22L,2021-06-23,1351.6109858,80.3,1740.4584,TapisC,1
TAC22L,2021-06-24,12.42977374,85.7,1126.8017758,TapisC,1
TAC22L,2021-06-25,12.42977374,34.4,1126.8017758,TapisC,1
TAC22L,2021-06-26,12.42977374,34.4,1126.8017758,TapisC,1
TAC22L,2021-06-27,12.42977374,29.0,1126.8017758,TapisC,1
TAC22L,2021-06-28,12.42977374,29.0,1126.8017758,TapisC,1
TAC22L,2021-06-29,12.42977374,29.0,1126.8017758,TapisC,1
TAC22L,2021-06-30,12.42977374,29.0,1126.8017758,TapisC,1
TAC22L,2021-07-01,12.42977374,29.0,1126.8017758,TapisC,1
TAC22L,2021-07-02,12.42977374,29.0,1126.8017758,TapisC,1
TAC22L,2021-07-03,12.42977374,29.0,1126.8017758,TapisC,1
TAC22L,2021-07-04,12.42977374,29.0,1126.8017758,TapisC,1
TAC22L,2021-07-05,12.42977374,29.0,1126.8017758,TapisC,1
TAC22L,2021-07-06,12.42977374,29.0,1126.8017758,TapisC,1
TAC22L,2021-07-07,12.42977374,29.0,1126.8017758,TapisC,1
TAC22L,2021-07-08,12.42977374,29.0,1126.8017758,TapisC,1
TAC22L,2021-07-09,12.42977374,82.0,1126.8017758,TapisC,1
TAC22L,2021-07-10,12.42977374,83.0,1126.8017758,TapisC,1
TAC22L,2021-07-11,594.65662,83.0,1126.8017758,TapisC,1
TAC22L,2021-07-12,594.65662,84.0,1126.8017758,TapisC,1
TAC22L,2021-07-13,594.65662,84.0,1126.8017758,TapisC,1
TAC22L,2021-07-14,594.65662,84.5,1126.946814,TapisC,1
TAC22L,2021-07-15,594.65662,84.6,1116.9391782,TapisC,1
TAC22L,2021-07-16,594.65662,85.0,1112.1529176,TapisC,1
TAC22L,2021-07-17,594.65662,30.9,1088.6567292,TapisC,1
TAC22L,2021-07-18,594.65662,30.2,1061.2445094,TapisC,1
TAC22L,2021-07-19,594.65662,30.2,1053.8475612,TapisC,1
TAC22L,2021-07-20,594.65662,73.3,1073.8628328,TapisC,1
TAC22L,2021-07-21,594.65662,82.6,1103.3055874,TapisC,1
TAC22L,2021-07-22,594.65662,82.6,1104.6109312,TapisC,1
TAC22L,2021-07-23,594.65662,82.6,1058.4887836,TapisC,1
TAC22L,2021-07-24,594.65662,82.6,1058.4887836,TapisC,1
TAC22L,2021-07-25,594.65662,82.6,1048.4811478,TapisC,1
TAC22L,2021-07-26,594.65662,82.6,1046.0154984,TapisC,1
TAC22L,2021-07-27,594.65662,82.6,1046.0154984,TapisC,1
TAC22L,2021-07-28,594.65662,76.7,1707.3896904,TapisC,1
TAC22L,2021-07-29,594.65662,77.4,1700.1377804,TapisC,1
TAC22L,2021-07-30,594.65662,77.4,1701.0080096,TapisC,1
TAC22L,2021-07-31,594.65662,77.4,1704.3438882,TapisC,1
TAC22L,2021-08-01,594.65662,79.1,1704.0538118,TapisC,1
TAC22L,2021-08-02,594.65662,79.1,1703.6186972,TapisC,1
TAC22L,2021-08-03,594.65662,28.1,239.8931828,TapisC,0
TAC22L,2021-08-04,594.65662,28.1,239.6031064,TapisC,1
TAC22L,2021-08-05,594.65662,28.1,239.4580682,TapisC,1
TAC22L,2021-08-06,594.65662,28.1,239.31303,TapisC,1
TAC22L,2021-08-07,594.65662,28.1,239.6031064,TapisC,1
TAC22L,2021-08-08,594.65662,28.1,1359.1529722,TapisC,1
TAC22L,2021-08-09,594.65662,28.1,240.038221,TapisC,1
TAC22L,2021-08-10,594.65662,28.1,240.3282974,TapisC,1
TAC22L,2021-08-11,594.65662,28.1,240.4733356,TapisC,1
TAC22L,2021-08-12,594.65662,28.1,240.763412,TapisC,1
TAC22L,2021-08-13,594.65662,28.1,241.3435648,TapisC,1
TAC22L,2021-08-14,594.65662,28.1,241.488603,TapisC,1
TAC22L,2021-08-15,594.65662,28.1,242.0687558,TapisC,1
TAC22L,2021-08-16,594.65662,28.1,243.8092142,TapisC,1
TAC22L,2021-08-17,594.65662,28.1,252.9466208,TapisC,1
TAC22L,2021-08-18,594.65662,28.1,254.9771556,TapisC,1
TAC22L,2021-08-19,594.65662,28.1,255.992423,TapisC,1
TAC22L,2021-08-20,594.65662,28.1,256.717614,TapisC,1
TAC22L,2021-08-21,594.65662,28.1,257.2977668,TapisC,1
TAC22L,2021-08-22,594.65662,28.1,258.0229578,TapisC,1
TAC22L,2021-08-23,594.65662,28.1,258.6031106,TapisC,1
TAC22L,2021-08-24,594.65662,28.1,259.3283016,TapisC,1
TAC22L,2021-08-25,594.65662,28.1,259.9084544,TapisC,1
TAC22L,2021-08-26,594.65662,28.1,260.343569,TapisC,1
TAC22L,2021-08-27,594.65662,28.1,260.9237218,TapisC,1
TAC22L,2021-08-28,594.65662,28.1,261.2137982,TapisC,1
TAC22L,2021-08-29,594.65662,28.1,261.6489128,TapisC,1
TAC22L,2021-08-30,594.65662,28.1,262.2290656,TapisC,1
TAC22L,2021-08-31,594.65662,28.1,262.6641802,TapisC,1
TAC22L,2021-09-01,594.65662,28.1,262.9542566,TapisC,1
TAC22L,2021-09-02,594.65662,28.1,263.3893712,TapisC,1
TAC22L,2021-09-03,594.65662,28.1,263.8244858,TapisC,1
TAC22L,2021-09-04,594.65662,28.1,264.4046386,TapisC,1
TAC22L,2021-09-05,594.65662,28.1,264.694715,TapisC,1
TAC22L,2021-09-06,594.65662,28.1,265.419906,TapisC,1
TAC22L,2021-09-07,594.65662,28.1,265.7099824,TapisC,1
TAC22L,2021-09-08,594.65662,28.1,266.2901352,TapisC,1
TAC22L,2021-09-09,594.65662,28.1,266.7252498,TapisC,1
TAC22L,2021-09-10,594.65662,28.1,267.3054026,TapisC,1
TAC22L,2021-09-11,594.65662,28.1,267.7405172,TapisC,1
TAC22L,2021-09-12,594.65662,28.1,268.32067,TapisC,1
TAC22L,2021-09-13,594.65662,28.1,268.6107464,TapisC,1
TAC22L,2021-09-14,606.259676,87.0,269.045861,TapisC,1
TAC22L,2021-09-15,606.259676,87.4,269.6260138,TapisC,1
TAC22L,2021-09-16,606.259676,86.8,269.771052,TapisC,1
TAC22L,2021-09-17,606.259676,87.0,270.3512048,TapisC,1
TAC22L,2021-09-18,606.259676,87.6,270.9313576,TapisC,1
TAC22L,2021-09-19,606.259676,86.6,271.3664722,TapisC,1
TAC22L,2021-09-20,606.259676,86.8,271.8015868,TapisC,1
TAC22L,2021-09-21,606.259676,86.7,272.5267778,TapisC,1
TAC22L,2021-09-22,606.259676,87.1,272.9618924,TapisC,1
TAC22L,2021-09-23,606.259676,77.7,273.6870834,TapisC,1
TAC22L,2021-09-24,606.259676,30.0,266.2901352,TapisC,1
TAC22L,2021-09-25,606.259676,30.0,264.2596004,TapisC,1
TAC22L,2021-09-26,606.259676,31.5,264.2596004,TapisC,1
TAC22L,2021-09-27,606.259676,32.0,264.2596004,TapisC,1
TAC22L,2021-09-28,606.259676,31.2,263.5344094,TapisC,1
TAC22L,2021-09-29,606.259676,29.8,263.6794476,TapisC,1
TAC22L,2021-09-30,606.259676,29.8,1071.5422216,TapisC,1
TAC22L,2021-10-01,606.259676,29.1,263.8244858,TapisC,1
TAC22L,2021-10-02,606.259676,29.1,263.8244858,TapisC,1
TAC22L,2021-10-03,606.259676,29.1,263.8244858,TapisC,1
TAC22L,2021-10-04,606.259676,29.1,263.8244858,TapisC,1
TAC22L,2021-10-05,606.259676,29.1,263.8244858,TapisC,1
TAC22L,2021-10-06,606.259676,29.1,263.8244858,TapisC,1
TAC22L,2021-10-07,606.259676,29.1,263.8244858,TapisC,1
TAC22L,2021-10-08,606.259676,29.1,265.2748678,TapisC,1
TAC22L,2021-10-09,606.259676,29.1,265.8550206,TapisC,1
TAC22L,2021-10-10,606.259676,29.1,266.145097,TapisC,1
TAC22L,2021-10-11,606.259676,29.1,267.0153262,TapisC,1
TAC22L,2021-10-12,606.259676,29.1,280.2138024,TapisC,1
TAC22L,2021-10-13,606.259676,29.1,281.5191462,TapisC,1
TAC22L,2021-10-14,606.259676,29.1,282.3893754,TapisC,1
TAC22L,2021-10-15,606.259676,29.1,282.3893754,TapisC,1
TAC22L,2021-10-16,606.259676,29.1,283.2596046,TapisC,1
TAC22L,2021-10-17,606.259676,29.1,283.6947192,TapisC,1
TAC22L,2021-10-18,606.259676,29.1,284.5649484,TapisC,1
TAC22L,2021-10-19,606.259676,29.1,285.000063,TapisC,1
TAC22L,2021-10-20,606.259676,29.1,285.5802158,TapisC,1
TAC22L,2021-10-21,606.259676,29.1,285.8702922,TapisC,1
TAC22L,2021-10-22,606.259676,29.1,286.7405214,TapisC,1
TAC22L,2021-10-23,606.259676,29.1,287.175636,TapisC,1
TAC22L,2021-10-24,606.259676,29.1,287.7557888,TapisC,1
TAC22L,2021-10-25,606.259676,29.1,277.8931912,TapisC,1
TAC22L,2021-10-26,606.259676,29.1,276.5878474,TapisC,1
TAC22L,2021-10-27,606.259676,29.1,276.1527328,TapisC,1
TAC22L,2021-10-28,606.259676,29.1,275.7176182,TapisC,1
TAC22L,2021-10-29,606.259676,29.1,275.7176182,TapisC,1
TAC22L,2021-10-30,606.259676,29.1,275.7176182,TapisC,1
TAC22L,2021-10-31,606.259676,29.1,275.7176182,TapisC,1
TAC22L,2021-11-01,606.259676,30.9,275.7176182,TapisC,1
TAC22L,2021-11-02,606.259676,32.1,276.0076946,TapisC,1
TAC22L,2021-11-03,606.259676,31.4,276.1527328,TapisC,1
TAC22L,2021-11-04,606.259676,35.8,276.1527328,TapisC,1
TAC22L,2021-11-05,606.259676,39.8,276.4428092,TapisC,1
TAC22L,2021-11-06,606.259676,31.9,276.7328856,TapisC,1
TAC22L,2021-11-07,606.259676,85.4,290.9466292,TapisC,1
TAC22L,2021-11-08,606.259676,86.3,292.3970112,TapisC,1
TAC22L,2021-11-09,606.259676,86.6,293.2672404,TapisC,1
TAC22L,2021-11-10,606.259676,86.8,293.702355,TapisC,1
TAC22L,2021-11-11,606.259676,86.7,294.2825078,TapisC,1
TAC22L,2021-11-12,606.259676,87.1,295.0076988,TapisC,1
TAC22L,2021-11-13,606.259676,87.3,295.4428134,TapisC,1
TAC22L,2021-11-14,606.259676,87.3,296.0229662,TapisC,1
TAC22L,2021-11-15,606.259676,87.3,296.603119,TapisC,1
TAC22L,2021-11-16,606.259676,87.3,296.603119,TapisC,1
TAC22L,2021-11-17,606.259676,87.3,297.4733482,TapisC,1
TAC22L,2021-11-18,606.259676,87.3,297.9084628,TapisC,1
TAC22L,2021-11-19,606.259676,87.3,298.3435774,TapisC,1
TAC22L,2021-11-20,606.259676,87.3,299.7939594,TapisC,1
TAC22L,2021-11-21,606.259676,87.3,299.503883,TapisC,1
TAC22L,2021-11-22,606.259676,87.3,299.503883,TapisC,1
TAC22L,2021-11-23,636.717698,86.4,299.0687684,TapisC,1
TAC22L,2021-11-24,617.7176938,87.1,300.0840358,TapisC,1
TAC22L,2021-11-25,612.786395,87.3,300.6641886,TapisC,1
TAC22L,2021-11-26,610.1757074,30.4,301.2443414,TapisC,1
TAC22L,2021-11-27,609.16044,87.6,1091.412455,TapisC,1
TAC22L,2021-11-28,606.6947906,87.4,302.2596088,TapisC,1
TAC22L,2021-11-29,606.6947906,87.4,302.2596088,TapisC,1
TAC22L,2021-11-30,606.6947906,87.4,302.2596088,TapisC,1
TAC22L,2021-12-01,606.6947906,87.4,302.2596088,TapisC,1
TAC22L,2021-12-02,606.6947906,87.4,302.2596088,TapisC,1
TAC22L,2021-12-03,606.6947906,87.4,302.2596088,TapisC,0
TAC22L,2021-12-04,606.6947906,87.4,289.7863236,TapisC,1
TAC22L,2021-12-05,606.6947906,87.4,288.4809798,TapisC,1
TAC22L,2021-12-06,606.6947906,87.4,288.4809798,TapisC,1
TAC22L,2021-12-07,606.6947906,87.4,288.4809798,TapisC,1
TAC22L,2021-12-08,606.6947906,87.4,288.4809798,TapisC,1
TAC22L,2021-12-09,606.6947906,87.4,288.4809798,TapisC,1
TAC22L,2021-12-10,606.6947906,87.4,288.4809798,TapisC,1
TAC22L,2021-12-11,606.6947906,87.4,288.4809798,TapisC,1
TAC22L,2021-12-12,606.6947906,87.4,288.4809798,TapisC,1
TAC22L,2021-12-13,606.6947906,87.4,288.4809798,TapisC,1
TAC22L,2021-12-14,606.6947906,87.4,288.4809798,TapisC,1
TAC22L,2021-12-15,606.6947906,87.4,288.4809798,TapisC,1
TAC22L,2021-12-16,606.6947906,87.4,288.4809798,TapisC,1
TAC22L,2021-12-17,606.6947906,87.4,285.5802158,TapisC,1
TAC22L,2021-12-18,606.6947906,87.4,285.5802158,TapisC,1
TAC22L,2021-12-19,606.6947906,87.4,285.5802158,TapisC,1
TAC22L,2021-12-20,608.1451726,87.1,302.5496852,TapisC,1
TAC22L,2021-12-21,610.9008984,87.2,302.5496852,TapisC,1
TAC22L,2021-12-22,617.5726556,87.1,302.8397616,TapisC,1
TAC22L,2021-12-23,621.6337252,87.0,302.8397616,TapisC,1
TAC22L,2021-12-24,621.6337252,87.0,292.1069348,TapisC,1
TAC22L,2021-12-25,621.6337252,87.0,302.1145706,TapisC,1
TAC22L,2021-12-26,623.0841072,86.5,302.404647,TapisC,1
TAC22L,2021-12-27,616.8474646,86.7,302.5496852,TapisC,1
TAC22L,2021-12-28,614.236777,86.7,302.6947234,TapisC,1
TAC22L,2021-12-29,236.1221896,86.7,302.6947234,TapisC,1
TAC22L,2021-12-30,609.7405928,86.7,302.8397616,TapisC,1
TAC22L,2021-12-31,606.4047142,86.4,302.8397616,TapisC,1
TAC22L,2022-01-01,604.809294,86.8,302.8397616,TapisC,1
TAC22L,2022-01-02,602.9237974,86.9,302.9847998,TapisC,1
TAC22L,2022-01-03,600.3131098,87.0,302.9847998,TapisC,1
TAC22L,2022-01-04,599.5879188,87.1,302.9847998,TapisC,1
TAC22L,2022-01-05,604.2291412,87.1,302.6947234,TapisC,1
TAC22L,2022-01-06,605.534485,86.8,302.6947234,TapisC,1
TAC22L,2022-01-07,600.7482244,86.9,302.9847998,TapisC,1
TAC22L,2022-01-08,599.5879188,87.1,303.129838,TapisC,1
TAC22L,2022-01-09,598.7176896,87.1,302.9847998,TapisC,1
TAC22L,2022-01-10,598.7176896,87.1,302.9847998,TapisC,1
TAC22L,2022-01-11,598.7176896,87.1,302.9847998,TapisC,1
TAC22L,2022-01-12,598.7176896,87.1,303.129838,TapisC,1
TAC22L,2022-01-13,598.7176896,87.1,303.129838,TapisC,1
TAC22L,2022-01-14,598.7176896,87.1,303.129838,TapisC,1
TAC22L,2022-01-15,598.7176896,87.1,303.129838,TapisC,1
TAC22L,2022-01-16,598.7176896,87.1,303.129838,TapisC,1
TAC22L,2022-01-17,598.7176896,87.1,303.129838,TapisC,1
TAC22L,2022-01-18,598.7176896,87.1,303.129838,TapisC,1
TAC22L,2022-01-19,598.7176896,87.1,303.129838,TapisC,1
TAC22L,2022-01-20,598.7176896,87.1,303.129838,TapisC,1
TAC22L,2022-01-21,598.7176896,87.1,303.129838,TapisC,1
TAC22L,2022-01-22,598.7176896,87.1,303.129838,TapisC,1
TAC22L,2022-01-23,598.7176896,87.1,303.2748762,TapisC,1
TAC22L,2022-01-24,598.7176896,87.1,303.2748762,TapisC,1
TAC22L,2022-01-25,598.7176896,87.1,303.2748762,TapisC,1
TAC22L,2022-01-26,598.7176896,87.1,303.4199144,TapisC,1
TAC22L,2022-01-27,598.7176896,87.1,303.4199144,TapisC,1
TAC22L,2022-01-28,598.7176896,87.1,303.5649526,TapisC,1
TAC22L,2022-01-29,598.7176896,87.1,303.5649526,TapisC,1
TAC22L,2022-01-30,598.7176896,87.1,303.4199144,TapisC,1
TAC22L,2022-01-31,598.7176896,87.1,303.7099908,TapisC,1
TAC22L,2022-02-01,598.7176896,87.1,303.4199144,TapisC,1
TAC22L,2022-02-02,598.7176896,87.1,303.4199144,TapisC,1
TAC22L,2022-02-03,598.7176896,87.1,303.5649526,TapisC,1
TAC22L,2022-02-04,598.7176896,87.1,292.977164,TapisC,1
TAC22L,2022-02-05,598.7176896,79.2,297.0382336,TapisC,1
TAC22L,2022-02-06,598.7176896,86.6,302.6947234,TapisC,1
TAC22L,2022-02-07,598.7176896,87.7,303.4199144,TapisC,1
TAC22L,2022-02-08,598.7176896,87.8,303.855029,TapisC,1
TAC22L,2022-02-09,598.7176896,30.6,292.977164,TapisC,1
TAC22L,2022-02-10,598.7176896,86.7,302.8397616,TapisC,1
TAC22L,2022-02-11,598.7176896,87.6,303.5649526,TapisC,1
TAC22L,2022-02-12,598.7176896,87.6,303.5649526,TapisC,1
TAC22L,2022-02-13,598.7176896,87.8,303.5649526,TapisC,1
TAC22L,2022-02-14,598.7176896,87.9,303.7099908,TapisC,1
TAC22L,2022-02-15,598.7176896,87.6,303.4199144,TapisC,1
TAC22L,2022-02-16,598.7176896,87.7,303.7099908,TapisC,1
TAC22L,2022-02-17,598.7176896,87.7,303.7099908,TapisC,1
TAC22L,2022-02-18,598.7176896,87.8,303.4199144,TapisC,1
TAC22L,2022-02-19,598.7176896,87.9,303.4199144,TapisC,1
TAC22L,2022-02-20,598.7176896,87.9,303.4199144,TapisC,1
TAC22L,2022-02-21,598.7176896,87.9,303.4199144,TapisC,1
TAC22L,2022-02-22,598.7176896,87.9,303.4199144,TapisC,1
TAC22L,2022-02-23,598.7176896,87.9,303.4199144,TapisC,1
TAC22L,2022-02-24,598.7176896,87.9,303.4199144,TapisC,1
TAC22L,2022-02-25,598.7176896,87.9,303.4199144,TapisC,1
TAC22L,2022-02-26,598.7176896,87.9,303.7099908,TapisC,1
TAC22L,2022-02-27,598.7176896,87.9,303.4199144,TapisC,1
TAC22L,2022-02-28,598.7176896,87.9,303.4199144,TapisC,1
TAC22L,2022-03-01,598.7176896,87.9,303.4199144,TapisC,1
TAC22L,2022-03-02,598.7176896,87.9,303.7099908,TapisC,1
TAC22L,2022-03-03,598.7176896,87.9,303.4199144,TapisC,1
TAC22L,2022-03-04,598.7176896,87.9,303.4199144,TapisC,1
TAC22L,2022-03-05,598.7176896,87.9,303.4199144,TapisC,1
TAC22L,2022-03-06,598.7176896,87.9,303.4199144,TapisC,1
TAC22L,2022-03-07,598.7176896,87.9,303.2748762,TapisC,1
TAC22L,2022-03-08,598.7176896,87.9,303.4199144,TapisC,1
TAC22L,2022-03-09,598.7176896,87.9,303.2748762,TapisC,1
TAC22L,2022-03-10,598.7176896,87.9,303.129838,TapisC,1
TAC22L,2022-03-11,598.7176896,87.9,303.2748762,TapisC,1
TAC22L,2022-03-12,598.7176896,87.9,303.129838,TapisC,1
TAC22L,2022-03-13,598.7176896,88.2,303.2748762,TapisC,1
TAC22L,2022-03-14,598.7176896,88.3,303.129838,TapisC,1
TAC22L,2022-03-15,598.7176896,88.3,303.2748762,TapisC,1
TAC22L,2022-03-16,598.7176896,87.9,302.8397616,TapisC,1
TAC22L,2022-03-17,598.7176896,88.0,302.9847998,TapisC,1
TAC22L,2022-03-18,598.7176896,88.1,234.5267694,TapisC,1
TAC22L,2022-03-19,598.7176896,88.1,302.8397616,TapisC,1
TAC22L,2022-03-20,598.7176896,88.0,302.6947234,TapisC,1
TAC22L,2022-03-21,598.7176896,88.0,302.6947234,TapisC,1
TAC22L,2022-03-22,598.7176896,81.6,302.6947234,TapisC,1
TAC22L,2022-03-23,598.7176896,87.8,302.5496852,TapisC,1
TAC22L,2022-03-24,598.7176896,87.9,302.5496852,TapisC,1
TAC22L,2022-03-25,598.7176896,87.7,302.404647,TapisC,1
TAC22L,2022-03-26,302.5496852,87.8,302.404647,TapisC,1
TAC22L,2022-03-27,302.5496852,87.8,302.2596088,TapisC,1
TAC22L,2022-03-28,593.7863908,87.7,302.1145706,TapisC,1
TAC22L,2022-03-29,593.7863908,87.7,302.1145706,TapisC,1
TAC22L,2022-03-30,593.7863908,87.7,302.1145706,TapisC,1
TAC22L,2022-03-31,593.7863908,87.7,302.2596088,TapisC,1
TAC22L,2022-04-01,593.7863908,87.7,301.8244942,TapisC,1
TAC22L,2022-04-02,596.6871548,87.4,301.8244942,TapisC,1
TAC22L,2022-04-03,596.6871548,87.4,301.8244942,TapisC,1
TAC22L,2022-04-04,596.6871548,87.4,301.8244942,TapisC,1
TAC22L,2022-04-05,596.6871548,87.4,301.8244942,TapisC,1
TAC22L,2022-04-06,596.6871548,87.4,301.8244942,TapisC,1
TAC22L,2022-04-07,596.6871548,87.4,301.8244942,TapisC,1
TAC22L,2022-04-08,596.6871548,87.4,301.8244942,TapisC,1
TAC22L,2022-04-09,596.6871548,87.4,302.2596088,TapisC,1
TAC22L,2022-04-10,596.6871548,87.4,302.2596088,TapisC,1
TAC22L,2022-04-11,596.6871548,87.4,302.2596088,TapisC,1
TAC22L,2022-04-12,596.6871548,87.4,302.2596088,TapisC,1
TAC22L,2022-04-13,596.6871548,87.4,302.2596088,TapisC,1
TAC22L,2022-04-14,596.6871548,87.4,302.2596088,TapisC,1
TAC22L,2022-04-15,596.6871548,87.4,302.2596088,TapisC,1
TAC22L,2022-04-16,596.6871548,87.4,302.2596088,TapisC,1
TAC22L,2022-04-17,596.6871548,87.4,302.2596088,TapisC,1
TAC22L,2022-04-18,596.6871548,87.4,302.2596088,TapisC,1
TAC22L,2022-04-19,596.6871548,87.4,302.2596088,TapisC,1
TAC22L,2022-04-20,596.6871548,87.4,302.2596088,TapisC,1
TAC22L,2022-04-21,596.6871548,87.4,302.2596088,TapisC,1
TAC22L,2022-04-22,596.6871548,87.4,302.2596088,TapisC,1
TAC22L,2022-04-23,596.6871548,87.4,302.2596088,TapisC,1
TAC22L,2022-04-24,596.6871548,87.4,301.8244942,TapisC,1
TAC22L,2022-04-25,596.6871548,86.9,302.1145706,TapisC,1
TAC22L,2022-04-26,596.6871548,86.9,302.1145706,TapisC,1
TAC22L,2022-04-27,596.6871548,86.9,302.1145706,TapisC,1
TAC22L,2022-04-28,609.16044,86.8,301.8244942,TapisC,1
TAC22L,2022-04-29,609.16044,86.8,301.8244942,TapisC,1
TAC22L,2022-04-30,609.16044,86.8,309.3664806,TapisC,1
TAC22L,2022-05-01,609.16044,86.8,309.3664806,TapisC,1
TAC22L,2022-05-02,609.16044,86.8,309.3664806,TapisC,1
TAC22L,2022-05-03,609.16044,86.8,309.3664806,TapisC,1
TAC22L,2022-05-04,609.16044,86.8,307.0458694,TapisC,1
TAC22L,2022-05-05,609.16044,86.8,307.0458694,TapisC,1
TAC22L,2022-05-06,609.16044,86.8,307.0458694,TapisC,1
TAC22L,2022-05-07,609.16044,86.8,307.0458694,TapisC,1
TAC22L,2022-05-08,609.16044,86.8,307.0458694,TapisC,1
TAC22L,2022-05-09,609.16044,86.8,305.8855638,TapisC,1
TAC22L,2022-05-10,609.16044,86.8,305.5954874,TapisC,1
TAC22L,2022-05-11,609.16044,86.8,305.5954874,TapisC,1
TAC22L,2022-05-12,609.16044,86.8,305.5954874,TapisC,1
TAC22L,2022-05-13,609.16044,86.8,303.4199144,TapisC,1
TAC22L,2022-05-14,609.16044,86.8,294.7176224,TapisC,1
TAC22L,2022-05-15,609.16044,86.8,304.0000672,TapisC,1
TAC22L,2022-05-16,609.16044,86.8,244.0992906,TapisC,1
TAC22L,2022-05-17,609.16044,86.8,304.0000672,TapisC,1
TAC22L,2022-05-18,609.16044,86.8,303.855029,TapisC,1
TAC22L,2022-05-19,609.16044,86.8,303.855029,TapisC,1
TAC22L,2022-05-20,609.16044,86.8,303.4199144,TapisC,1
TAC22L,2022-05-21,609.16044,86.8,303.4199144,TapisC,1
TAC22L,2022-05-22,609.16044,86.8,303.129838,TapisC,1
TAC22L,2022-05-23,12.7633616,70.6,301.3893796,TapisC,1
TAC22L,2022-05-24,625.5497566,86.1,302.404647,TapisC,1
TAC22L,2022-05-25,620.4734196,86.4,302.5496852,TapisC,1
TAC22L,2022-05-26,618.2978466,86.2,302.5496852,TapisC,1
TAC22L,2022-05-27,618.0077702,86.4,302.2596088,TapisC,1
TAC22L,2022-05-28,619.0230376,86.3,302.1145706,TapisC,1
TAC22L,2022-05-29,619.0230376,86.3,302.1145706,TapisC,1
TAC22L,2022-05-30,619.0230376,86.3,302.1145706,TapisC,1
TAC22L,2022-05-31,619.0230376,86.3,301.679456,TapisC,1
TAC22L,2022-06-01,619.0230376,86.3,301.679456,TapisC,1
TAC22L,2022-06-02,619.0230376,86.1,301.3893796,TapisC,1
TAC22L,2022-06-03,619.0230376,86.0,301.0993032,TapisC,1
TAC22L,2022-06-04,618.7329612,86.3,301.0993032,TapisC,1
TAC22L,2022-06-05,619.313114,86.1,300.954265,TapisC,1
TAC22L,2022-06-06,619.313114,86.1,300.954265,TapisC,1
TAC22L,2022-06-07,619.313114,86.1,300.954265,TapisC,1
TAC22L,2022-06-08,619.313114,86.1,300.954265,TapisC,1
TAC22L,2022-06-09,619.313114,86.1,300.954265,TapisC,1
TAC22L,2022-06-10,619.313114,86.1,300.954265,TapisC,1
TAC22L,2022-06-11,619.313114,86.1,300.954265,TapisC,1
TAC22L,2022-06-12,619.313114,86.1,300.954265,TapisC,1
TAC22L,2022-06-13,619.313114,86.1,300.954265,TapisC,1
TAC22L,2022-06-14,619.313114,86.1,300.954265,TapisC,1
TAC22L,2022-06-15,619.313114,86.1,300.954265,TapisC,1
TAC22L,2022-06-16,619.313114,86.1,300.954265,TapisC,1
TAC22L,2022-06-17,619.313114,86.1,300.954265,TapisC,1
TAC22L,2022-06-18,619.313114,86.1,300.954265,TapisC,1
TAC22L,2022-06-19,619.313114,86.1,300.954265,TapisC,1
TAC22L,2022-06-20,624.2444128,85.7,294.7176224,TapisC,1
TAC22L,2022-06-21,632.8016666,85.4,294.5725842,TapisC,1
TAC22L,2022-06-22,625.6947948,85.5,294.2825078,TapisC,1
TAC22L,2022-06-23,625.114642,85.7,294.2825078,TapisC,1
TAC22L,2022-06-24,624.8245656,86.0,294.427546,TapisC,1
TAC22L,2022-06-25,627.4352532,85.9,293.8473932,TapisC,1
TAC22L,2022-06-26,625.9848712,85.9,294.1374696,TapisC,1
TAC22L,2022-06-27,625.9848712,85.9,293.8473932,TapisC,1
TAC22L,2022-06-28,625.114642,85.7,293.702355,TapisC,1
TAC22L,2022-06-29,623.8092982,85.6,293.702355,TapisC,1
TAC22L,2022-06-30,624.2444128,85.5,293.5573168,TapisC,1
TAC22L,2022-07-01,627.0001386,85.3,293.5573168,TapisC,1
TAC22L,2022-07-02,627.0001386,85.3,288.4809798,TapisC,1
TAC22L,2022-07-03,629.0306734,85.4,292.6870876,TapisC,1
TAC22L,2022-07-04,629.0306734,85.4,292.6870876,TapisC,1
TAC22L,2022-07-05,629.0306734,85.4,292.6870876,TapisC,1
TAC22L,2022-07-06,629.0306734,85.4,292.6870876,TapisC,1
TAC22L,2022-07-07,629.0306734,85.4,292.6870876,TapisC,1
TAC22L,2022-07-08,629.0306734,85.4,292.6870876,TapisC,1
TAC22L,2022-07-09,629.0306734,85.4,292.6870876,TapisC,1
TAC22L,2022-07-10,629.0306734,85.4,292.6870876,TapisC,1
TAC22L,2022-07-11,629.0306734,85.4,292.6870876,TapisC,1
TAC22L,2022-07-12,629.0306734,85.4,292.6870876,TapisC,1
TAC22L,2022-07-13,629.0306734,85.4,292.6870876,TapisC,1
TAC22L,2022-07-14,629.0306734,85.4,280.5038788,TapisC,1
TAC22L,2022-07-15,629.0306734,85.4,280.5038788,TapisC,1
TAC22L,2022-07-16,629.0306734,85.4,280.5038788,TapisC,1
TAC22L,2022-07-17,629.0306734,85.4,280.5038788,TapisC,1
TAC22L,2022-07-18,629.0306734,85.4,277.748153,TapisC,1
TAC22L,2022-07-19,629.0306734,27.5,277.3130384,TapisC,1
TAC22L,2022-07-20,629.0306734,27.5,276.8779238,TapisC,1
TAC22L,2022-07-21,629.0306734,27.5,276.5878474,TapisC,1
TAC22L,2022-07-22,629.0306734,27.5,276.1527328,TapisC,1
TAC22L,2022-07-23,629.0306734,27.5,275.8626564,TapisC,1
TAC22L,2022-07-24,629.0306734,27.5,274.847389,TapisC,1
TAC22L,2022-07-25,629.0306734,27.5,274.847389,TapisC,1
TAC22L,2022-07-26,629.0306734,27.5,274.847389,TapisC,1
TAC22L,2022-07-27,629.0306734,27.5,274.5573126,TapisC,1
TAC22L,2022-07-28,629.0306734,27.5,274.5573126,TapisC,1
TAC22L,2022-07-29,629.0306734,27.5,274.2672362,TapisC,1
TAC22L,2022-07-30,629.0306734,27.5,276.4428092,TapisC,1
TAC22L,2022-07-31,629.0306734,27.5,274.5573126,TapisC,1
TAC22L,2022-08-01,629.0306734,27.5,274.2672362,TapisC,1
TAC22L,2022-08-02,629.0306734,27.5,273.6870834,TapisC,1
TAC22L,2022-08-03,629.0306734,27.5,273.5420452,TapisC,1
TAC22L,2022-08-04,629.0306734,27.5,286.450445,TapisC,1
TAC22L,2022-08-05,629.0306734,27.5,287.7557888,TapisC,1
TAC22L,2022-08-06,629.0306734,27.5,288.0458652,TapisC,1
TAC22L,2022-08-07,629.0306734,27.5,288.1909034,TapisC,1
TAC22L,2022-08-08,629.0306734,27.5,288.1909034,TapisC,1
TAC22L,2022-08-09,629.0306734,27.5,597.7024222,TapisC,1
TAC22L,2022-08-10,629.0306734,27.5,288.1909034,TapisC,1
TAC22L,2022-08-11,629.0306734,27.5,601.0383008,TapisC,1
TAC22L,2022-08-12,629.0306734,27.5,600.1680716,TapisC,1
TAC22L,2022-08-13,629.0306734,27.5,287.900827,TapisC,1
TAC22L,2022-08-14,629.0306734,27.5,600.1680716,TapisC,1
TAC22L,2022-08-15,629.0306734,27.5,600.1680716,TapisC,1
TAC22L,2022-08-16,599.007766,85.6,287.7557888,TapisC,1
TAC22L,2022-08-17,597.4123458,85.4,287.3206742,TapisC,1
TAC22L,2022-08-18,612.3512804,85.0,287.0305978,TapisC,1
TAC22L,2022-08-19,603.6489884,85.3,287.0305978,TapisC,1
TAC22L,2022-08-20,601.6184536,85.2,287.175636,TapisC,1
TAC22L,2022-08-21,601.3283772,85.2,287.0305978,TapisC,1
TAC22L,2022-08-22,598.8627278,85.2,286.5954832,TapisC,1
TAC22L,2022-08-23,600.8932626,85.3,287.0305978,TapisC,1
TAC22L,2022-08-24,602.4886828,85.2,286.8855596,TapisC,1
TAC22L,2022-08-25,601.0383008,85.2,286.450445,TapisC,1
TAC22L,2022-08-26,525.4733986,77.2,286.8855596,TapisC,1
TAC22L,2022-08-27,603.2138738,83.5,286.450445,TapisC,1
TAC22L,2022-08-28,603.2138738,85.7,286.3054068,TapisC,1
TAC22L,2022-08-29,603.2138738,85.7,286.3054068,TapisC,1
TAC22L,2022-08-30,603.2138738,85.7,286.3054068,TapisC,1
TAC22L,2022-08-31,603.2138738,85.7,286.3054068,TapisC,1
TAC22L,2022-09-01,603.2138738,85.7,286.3054068,TapisC,1
TAC22L,2022-09-02,603.2138738,85.7,286.3054068,TapisC,1
TAC22L,2022-09-03,603.2138738,85.7,286.3054068,TapisC,1
TAC22L,2022-09-04,603.2138738,85.7,286.3054068,TapisC,1
TAC22L,2022-09-05,603.2138738,85.7,286.3054068,TapisC,1
TAC22L,2022-09-06,603.2138738,85.7,286.3054068,TapisC,1
TAC22L,2022-09-07,603.2138738,85.7,286.3054068,TapisC,1
TAC22L,2022-09-08,603.2138738,85.7,286.3054068,TapisC,1
TAC22L,2022-09-09,603.2138738,85.7,286.3054068,TapisC,1
TAC22L,2022-09-10,603.2138738,85.7,286.3054068,TapisC,1
TAC22L,2022-09-11,603.2138738,85.7,286.3054068,TapisC,1
TAC22L,2022-09-12,603.2138738,85.7,271.0763958,TapisC,1
TAC22L,2022-09-13,603.2138738,85.7,270.0611284,TapisC,1
TAC22L,2022-09-14,603.2138738,85.7,269.6260138,TapisC,1
TAC22L,2022-09-15,603.2138738,85.7,269.3359374,TapisC,1
TAC22L,2022-09-16,603.2138738,85.7,268.9008228,TapisC,1
TAC22L,2022-09-17,603.2138738,85.7,268.1756318,TapisC,1
TAC22L,2022-09-18,603.2138738,85.7,268.0305936,TapisC,1
TAC22L,2022-09-19,603.2138738,85.7,267.7405172,TapisC,1
TAC22L,2022-09-20,603.2138738,85.7,1544.3667536,TapisC,1
TAC22L,2022-09-21,603.2138738,85.7,267.4504408,TapisC,1
TAC22L,2022-09-22,603.2138738,85.7,269.3359374,TapisC,1
TAC22L,2022-09-23,603.2138738,85.7,10.2977122,TapisC,1
TAC22L,2022-09-24,603.2138738,85.7,268.7557846,TapisC,1
TAC22L,2022-09-25,603.2138738,85.7,268.7557846,TapisC,1
TAC22L,2022-09-26,603.2138738,85.7,268.7557846,TapisC,1
TAC22L,2022-09-27,603.2138738,85.7,268.7557846,TapisC,1
TAC22L,2022-09-28,603.2138738,85.7,268.7557846,TapisC,1
TAC22L,2022-09-29,603.2138738,85.7,268.7557846,TapisC,1
TAC22L,2022-09-30,603.2138738,85.7,268.7557846,TapisC,1
TAC22L,2022-10-01,603.2138738,85.7,268.7557846,TapisC,1
TAC22L,2022-10-02,603.2138738,85.7,267.4504408,TapisC,1
TAC22L,2022-10-03,603.2138738,85.7,267.4504408,TapisC,1
TAC22L,2022-10-04,603.2138738,85.7,267.4504408,TapisC,1
TAC22L,2022-10-05,603.2138738,85.7,267.4504408,TapisC,1
TAC22L,2022-10-06,603.2138738,85.7,267.4504408,TapisC,1
TAC22L,2022-10-07,603.2138738,85.7,267.4504408,TapisC,1
TAC22L,2022-10-08,603.2138738,85.7,267.4504408,TapisC,1
TAC22L,2022-10-09,603.2138738,85.7,267.4504408,TapisC,1
TAC22L,2022-10-10,320.3893838,84.1,282.6794518,TapisC,1
TAC22L,2022-10-11,615.1070062,84.4,31.908404,TapisC,1
TAC22L,2022-10-12,607.8550962,84.7,283.1145664,TapisC,1
TAC22L,2022-10-13,605.8245614,84.8,283.2596046,TapisC,1
TAC22L,2022-10-14,602.9237974,84.8,283.2596046,TapisC,1
TAC22L,2022-10-15,610.4657838,84.7,282.9695282,TapisC,1
TAC22L,2022-10-16,610.4657838,84.7,282.6794518,TapisC,1
TAC22L,2022-10-17,610.4657838,26.7,275.1374654,TapisC,1
TAC22L,2022-10-18,618.2978466,84.3,286.8855596,TapisC,1
TAC22L,2022-10-19,610.7558602,84.7,282.9695282,TapisC,1
TAC22L,2022-10-20,608.1451726,85.0,283.2596046,TapisC,1
TAC22L,2022-10-21,606.8398288,85.0,283.1145664,TapisC,1
TAC22L,2022-10-22,606.6947906,85.0,283.1145664,TapisC,1
TAC22L,2022-10-23,606.4047142,85.0,283.2596046,TapisC,1
TAC22L,2022-10-24,606.4047142,85.0,283.2596046,TapisC,1
TAC22L,2022-10-25,606.4047142,85.0,283.2596046,TapisC,1
TAC22L,2022-10-26,606.4047142,85.0,283.2596046,TapisC,1
TAC22L,2022-10-27,606.4047142,85.0,283.2596046,TapisC,1
TAC22L,2022-10-28,606.4047142,85.0,283.2596046,TapisC,1
TAC22L,2022-10-29,606.4047142,85.0,283.2596046,TapisC,1
TAC22L,2022-10-30,606.4047142,85.0,283.2596046,TapisC,1
TAC22L,2022-10-31,606.4047142,85.0,283.2596046,TapisC,1
TAC22L,2022-11-01,606.4047142,85.0,283.2596046,TapisC,1
TAC22L,2022-11-02,606.4047142,85.0,283.2596046,TapisC,1
TAC22L,2022-11-03,606.4047142,85.0,283.2596046,TapisC,1
TAC22L,2022-11-04,606.4047142,85.0,283.2596046,TapisC,1
TAC22L,2022-11-05,606.4047142,85.0,283.2596046,TapisC,1
TAC22L,2022-11-06,606.4047142,85.0,283.2596046,TapisC,1
TAC22L,2022-11-07,606.4047142,85.0,283.2596046,TapisC,1
TAC22L,2022-11-08,610.0306692,85.1,282.9695282,TapisC,1
TAC22L,2022-11-09,608.5802872,85.1,283.1145664,TapisC,1
TAC22L,2022-11-10,609.16044,85.1,283.2596046,TapisC,1
TAC22L,2022-11-11,609.16044,85.1,274.122198,TapisC,1
TAC22L,2022-11-12,625.114642,83.9,281.8092226,TapisC,1
TAC22L,2022-11-13,625.114642,84.6,282.2443372,TapisC,1
TAC22L,2022-11-14,625.114642,31.2,274.4122744,TapisC,1
TAC22L,2022-11-15,625.114642,83.3,281.374108,TapisC,1
TAC22L,2022-11-16,625.114642,84.3,282.099299,TapisC,1
TAC22L,2022-11-17,625.114642,84.7,282.3893754,TapisC,1
TAC22L,2022-11-18,625.114642,84.7,282.3893754,TapisC,1
TAC22L,2022-11-19,625.114642,84.7,282.5344136,TapisC,1
TAC22L,2022-11-20,625.114642,84.9,282.5344136,TapisC,1
TAC22L,2022-11-21,625.114642,84.9,282.5344136,TapisC,1
TAC22L,2022-11-22,625.114642,84.9,282.5344136,TapisC,1
TAC22L,2022-11-23,625.114642,84.9,282.5344136,TapisC,1
TAC22L,2022-11-24,625.114642,84.9,282.5344136,TapisC,1
TAC22L,2022-11-25,625.114642,84.9,282.5344136,TapisC,1
TAC22L,2022-11-26,625.114642,84.9,282.5344136,TapisC,1
TAC22L,2022-11-27,625.114642,84.9,282.6794518,TapisC,1
TAC22L,2022-11-28,625.114642,84.9,282.9695282,TapisC,1
TAC22L,2022-11-29,625.114642,84.9,282.6794518,TapisC,1
TAC22L,2022-11-30,625.114642,84.9,282.5344136,TapisC,1
TAC22L,2022-12-01,625.114642,84.9,282.5344136,TapisC,1
TAC22L,2022-12-02,625.114642,84.9,282.5344136,TapisC,1
TAC22L,2022-12-03,625.114642,84.9,282.5344136,TapisC,1
TAC22L,2022-12-04,625.114642,84.9,282.5344136,TapisC,1
TAC22L,2022-12-05,625.114642,84.9,282.5344136,TapisC,1
TAC22L,2022-12-06,625.114642,85.0,282.6794518,TapisC,1
TAC22L,2022-12-07,625.114642,85.1,282.6794518,TapisC,1
TAC22L,2022-12-08,625.114642,85.1,282.6794518,TapisC,1
TAC22L,2022-12-09,625.114642,85.1,282.6794518,TapisC,1
TAC22L,2022-12-10,625.114642,85.1,282.6794518,TapisC,1
TAC22L,2022-12-11,625.114642,85.1,282.6794518,TapisC,1
TAC22L,2022-12-12,625.114642,85.1,282.6794518,TapisC,1
TAC22L,2022-12-13,625.114642,85.1,282.6794518,TapisC,1
TAC22L,2022-12-14,625.114642,85.1,282.6794518,TapisC,1
TAC22L,2022-12-15,625.114642,85.1,282.6794518,TapisC,1
TAC22L,2022-12-16,625.114642,85.1,282.6794518,TapisC,1
TAC22L,2022-12-17,625.114642,85.1,282.6794518,TapisC,1
TAC22L,2022-12-18,625.114642,85.1,282.6794518,TapisC,1
TAC22L,2022-12-19,625.114642,85.1,282.6794518,TapisC,1
TAC22L,2022-12-20,625.114642,85.1,282.6794518,TapisC,1
TAC22L,2022-12-21,625.114642,85.1,282.6794518,TapisC,1
TAC22L,2022-12-22,625.114642,85.1,282.6794518,TapisC,1
TAC22L,2022-12-23,625.114642,85.1,282.6794518,TapisC,1
TAC22L,2022-12-24,625.114642,85.1,282.6794518,TapisC,1
TAC22L,2022-12-25,625.114642,85.1,282.6794518,TapisC,1
TAC22L,2022-12-26,625.114642,85.1,282.6794518,TapisC,1
TAC22L,2022-12-27,625.114642,85.1,282.6794518,TapisC,1
TAC22L,2022-12-28,625.114642,85.1,282.6794518,TapisC,1
TAC22L,2022-12-29,625.114642,85.1,282.6794518,TapisC,1
TAC22L,2022-12-30,625.114642,85.1,282.6794518,TapisC,1
TAC22L,2022-12-31,625.114642,85.1,282.6794518,TapisC,1
TAC22L,2023-01-01,625.114642,85.1,282.6794518,TapisC,1
TAC22L,2023-01-02,625.114642,85.1,282.6794518,TapisC,1
TAC22L,2023-01-03,625.114642,84.6,283.1145664,TapisC,1
TAC22L,2023-01-04,625.114642,84.9,282.5344136,TapisC,1
TAC22L,2023-01-05,625.114642,84.5,282.2443372,TapisC,1
TAC22L,2023-01-06,625.114642,84.7,282.099299,TapisC,1
TAC22L,2023-01-07,625.114642,84.7,282.2443372,TapisC,1
TAC22L,2023-01-08,625.114642,84.8,282.3893754,TapisC,1
TAC22L,2023-01-09,625.114642,84.9,282.5344136,TapisC,1
TAC22L,2023-01-10,625.114642,30.8,284.8550248,TapisC,1
TAC22L,2023-01-11,625.114642,84.8,285.2901394,TapisC,1
TAC22L,2023-01-12,625.114642,84.9,285.4351776,TapisC,1
TAC22L,2023-01-13,625.114642,85.0,284.1298338,TapisC,1
TAC22L,2023-01-14,625.114642,85.0,284.1298338,TapisC,1
TAC22L,2023-01-15,625.114642,84.9,283.2596046,TapisC,1
TAC22L,2023-01-16,625.114642,84.9,283.4046428,TapisC,1
TAC22L,2023-01-17,625.114642,84.9,283.4046428,TapisC,1
TAC22L,2023-01-18,625.114642,84.9,283.4046428,TapisC,1
TAC22L,2023-01-19,625.114642,84.9,283.4046428,TapisC,1
TAC22L,2023-01-20,625.114642,84.9,283.4046428,TapisC,1
TAC22L,2023-01-21,625.114642,84.9,283.4046428,TapisC,1
TAC22L,2023-01-22,625.114642,84.9,283.4046428,TapisC,1
TAC22L,2023-01-23,625.114642,84.9,283.4046428,TapisC,1
TAC22L,2023-01-24,625.114642,84.9,283.4046428,TapisC,1
TAC22L,2023-01-25,625.114642,84.9,283.4046428,TapisC,1
TAC22L,2023-01-26,625.114642,84.9,283.4046428,TapisC,1
TAC22L,2023-01-27,625.114642,84.9,283.4046428,TapisC,1
TAC22L,2023-01-28,625.114642,84.9,283.1145664,TapisC,1
TAC22L,2023-01-29,625.114642,84.9,283.1145664,TapisC,1
TAC22L,2023-01-30,625.114642,84.9,283.1145664,TapisC,1
TAC22L,2023-01-31,625.114642,85.2,282.9695282,TapisC,1
TAC22L,2023-02-01,625.114642,85.2,283.1145664,TapisC,1
TAC22L,2023-02-02,625.114642,85.3,283.4046428,TapisC,1
TAC22L,2023-02-03,625.114642,84.1,282.3893754,TapisC,1
TAC22L,2023-02-04,625.114642,84.9,283.2596046,TapisC,1
TAC22L,2023-02-05,625.114642,85.1,283.2596046,TapisC,1
TAC22L,2023-02-06,625.114642,85.3,283.4046428,TapisC,1
TAC22L,2023-02-07,625.114642,85.3,283.6947192,TapisC,1
TAC22L,2023-02-08,625.114642,85.5,283.8397574,TapisC,1
TAC22L,2023-02-09,625.114642,85.2,283.1145664,TapisC,1
TAC22L,2023-02-10,625.114642,85.3,283.1145664,TapisC,1
TAC22L,2023-02-11,625.114642,85.5,283.2596046,TapisC,1
TAC22L,2023-02-12,625.114642,85.5,283.2596046,TapisC,1
TAC22L,2023-02-13,625.114642,85.6,283.6947192,TapisC,1
TAC22L,2023-02-14,625.114642,85.6,283.6947192,TapisC,1
TAC22L,2023-02-15,625.114642,85.6,283.6947192,TapisC,1
TAC22L,2023-02-16,625.114642,85.6,283.6947192,TapisC,1
TAC22L,2023-02-17,625.114642,85.6,283.6947192,TapisC,1
TAC22L,2023-02-18,625.114642,85.6,283.6947192,TapisC,1
TAC22L,2023-02-19,625.114642,85.6,283.6947192,TapisC,1
TAC22L,2023-02-20,625.114642,85.6,283.6947192,TapisC,1
TAC22L,2023-02-21,625.114642,85.6,283.6947192,TapisC,1
TAC22L,2023-02-22,625.114642,85.6,283.6947192,TapisC,1
TAC22L,2023-02-23,625.114642,85.6,283.6947192,TapisC,1
TAC22L,2023-02-24,625.114642,85.6,283.6947192,TapisC,1
TAC22L,2023-02-25,625.114642,85.6,284.1298338,TapisC,1
TAC22L,2023-02-26,625.114642,85.6,284.1298338,TapisC,1
TAC22L,2023-02-27,625.114642,85.6,284.1298338,TapisC,1
TAC22L,2023-02-28,634.6871632,85.0,283.4046428,TapisC,1
TAC22L,2023-03-01,633.3818194,85.1,283.2596046,TapisC,1
TAC22L,2023-03-02,631.3512846,85.1,283.4046428,TapisC,1
TAC22L,2023-03-03,632.366552,85.0,283.2596046,TapisC,1
TAC22L,2023-03-04,630.91617,85.1,283.2596046,TapisC,1
TAC22L,2023-03-05,630.91617,85.1,283.2596046,TapisC,1
TAC22L,2023-03-06,628.8856352,85.1,1560.3209556,TapisC,1
TAC22L,2023-03-07,629.6108262,85.1,283.2596046,TapisC,1
TAC22L,2023-03-08,629.1757116,85.1,283.4046428,TapisC,1
TAC22L,2023-03-09,634.2520486,84.8,283.1145664,TapisC,1
TAC22L,2023-03-10,309.3664806,85.1,283.2596046,TapisC,1
TAC22L,2023-03-11,632.366552,85.1,282.9695282,TapisC,1
TAC22L,2023-03-12,631.641361,85.0,283.1145664,TapisC,1
TAC22L,2023-03-13,629.465788,85.1,283.1145664,TapisC,1
TAC22L,2023-03-14,629.465788,85.1,283.1145664,TapisC,1
TAC22L,2023-03-15,629.465788,85.1,283.1145664,TapisC,1
TAC22L,2023-03-16,629.465788,85.1,283.1145664,TapisC,1
TAC22L,2023-03-17,629.465788,85.1,283.1145664,TapisC,1
TAC22L,2023-03-18,629.465788,85.1,283.1145664,TapisC,1
TAC22L,2023-03-19,629.465788,85.1,283.2596046,TapisC,1
TAC22L,2023-03-20,629.465788,85.1,283.2596046,TapisC,1
TAC22L,2023-03-21,629.465788,85.1,283.2596046,TapisC,1
TAC22L,2023-03-22,629.465788,85.1,283.2596046,TapisC,1
TAC22L,2023-03-23,629.465788,85.1,283.2596046,TapisC,1
TAC22L,2023-03-24,629.465788,85.1,283.2596046,TapisC,1
TAC22L,2023-03-25,629.465788,85.1,283.2596046,TapisC,1
TAC22L,2023-03-26,629.465788,85.1,283.8397574,TapisC,1
TAC22L,2023-03-27,629.465788,85.1,283.8397574,TapisC,1
TAC22L,2023-03-28,629.465788,85.5,283.6947192,TapisC,1
TAC22L,2023-03-29,629.465788,85.4,283.6947192,TapisC,1
TAC22L,2023-03-30,629.465788,85.5,283.4046428,TapisC,1
TAC22L,2023-03-31,629.465788,85.4,283.4046428,TapisC,1
TAC22L,2023-04-01,629.465788,82.9,281.5191462,TapisC,1
TAC22L,2023-04-02,629.465788,82.9,274.5573126,TapisC,1
TAC22L,2023-04-03,629.465788,82.9,281.0840316,TapisC,1
TAC22L,2023-04-04,629.465788,84.0,282.5344136,TapisC,1
TAC22L,2023-04-05,629.465788,84.4,282.6794518,TapisC,1
TAC22L,2023-04-06,629.465788,84.9,283.1145664,TapisC,1
TAC22L,2023-04-07,629.465788,85.1,283.1145664,TapisC,1
TAC22L,2023-04-08,629.465788,85.1,283.2596046,TapisC,1
TAC22L,2023-04-09,629.465788,85.1,283.1145664,TapisC,1
TAC22L,2023-04-10,338.5191588,85.3,283.2596046,TapisC,1
TAC22L,2023-04-11,338.5191588,85.3,283.2596046,TapisC,1
TAC22L,2023-04-12,338.5191588,85.3,283.2596046,TapisC,1
TAC22L,2023-04-13,338.5191588,85.3,283.2596046,TapisC,1
TAC22L,2023-04-14,338.5191588,85.3,283.2596046,TapisC,1
TAC22L,2023-04-15,338.5191588,85.3,283.2596046,TapisC,1
TAC22L,2023-04-16,338.5191588,85.3,283.2596046,TapisC,1
TAC22L,2023-04-17,338.5191588,85.3,283.4046428,TapisC,1
TAC22L,2023-04-18,338.5191588,85.3,283.4046428,TapisC,1
TAC22L,2023-04-19,338.5191588,85.3,283.4046428,TapisC,1
TAC22L,2023-04-20,338.5191588,85.3,283.4046428,TapisC,1
TAC22L,2023-04-21,338.5191588,85.3,283.4046428,TapisC,1
TAC22L,2023-04-22,338.5191588,85.3,283.4046428,TapisC,1
TAC22L,2023-04-23,338.5191588,85.3,283.4046428,TapisC,1
TAC22L,2023-04-24,338.5191588,85.3,283.4046428,TapisC,1
TAC22L,2023-04-25,338.5191588,85.3,283.9847956,TapisC,1
TAC22L,2023-04-26,338.5191588,85.3,283.4046428,TapisC,1
TAC22L,2023-04-27,338.5191588,85.3,283.6947192,TapisC,1
TAC22L,2023-04-28,338.5191588,85.3,283.2596046,TapisC,1
TAC22L,2023-04-29,338.5191588,85.3,283.2596046,TapisC,1
TAC22L,2023-04-30,338.5191588,85.3,283.6947192,TapisC,1
TAC22L,2023-05-01,338.5191588,85.3,283.8397574,TapisC,1
TAC22L,2023-05-02,338.5191588,85.3,283.6947192,TapisC,1
TAC22L,2023-05-03,338.5191588,85.8,284.1298338,TapisC,1
TAC22L,2023-05-04,338.5191588,85.6,283.9847956,TapisC,1
TAC22L,2023-05-05,338.5191588,85.8,284.5649484,TapisC,1
TAC22L,2023-05-06,338.5191588,33.9,247.290131,TapisC,1
TAC22L,2023-05-07,338.5191588,83.1,282.099299,TapisC,1
TAC22L,2023-05-08,338.5191588,84.2,282.099299,TapisC,1
TAC22L,2023-05-09,338.5191588,84.2,282.099299,TapisC,1
TAC22L,2023-05-10,338.5191588,84.2,282.099299,TapisC,1
TAC22L,2023-05-11,338.5191588,84.2,282.099299,TapisC,1
TAC22L,2023-05-12,338.5191588,84.2,282.099299,TapisC,1
TAC22L,2023-05-13,338.5191588,84.2,282.099299,TapisC,1
TAC22L,2023-05-14,338.5191588,84.2,282.099299,TapisC,1
TAC22L,2023-05-15,338.5191588,84.2,282.099299,TapisC,1
TAC22L,2023-05-16,338.5191588,84.2,282.099299,TapisC,1
TAC22L,2023-05-17,338.5191588,84.2,282.099299,TapisC,1
TAC22L,2023-05-18,338.5191588,84.2,282.099299,TapisC,1
TAC22L,2023-05-19,338.5191588,84.2,282.099299,TapisC,1
TAC22L,2023-05-20,338.5191588,84.2,282.099299,TapisC,1
TAC22L,2023-05-21,338.5191588,84.2,282.099299,TapisC,1
TAC22L,2023-05-22,338.5191588,84.2,282.099299,TapisC,1
TAC22L,2023-05-23,338.5191588,30.2,271.221434,TapisC,1
TAC22L,2023-05-24,338.5191588,15.1,271.221434,TapisC,1
TAC22L,2023-05-25,338.5191588,25.6,270.3512048,TapisC,1
TAC22L,2023-05-26,338.5191588,27.4,270.3512048,TapisC,1
TAC22L,2023-05-27,338.5191588,29.7,270.0611284,TapisC,1
TAC22L,2023-05-28,338.5191588,30.0,269.6260138,TapisC,1
TAC22L,2023-05-29,338.5191588,29.9,269.4809756,TapisC,1
TAC22L,2023-05-30,338.5191588,30.1,269.4809756,TapisC,1
TAC22L,2023-05-31,338.5191588,28.6,268.9008228,TapisC,1
TAC22L,2023-06-01,338.5191588,80.5,276.4428092,TapisC,1
TAC22L,2023-06-02,338.5191588,81.0,280.5038788,TapisC,1
TAC22L,2023-06-03,338.5191588,81.0,280.648917,TapisC,1
TAC22L,2023-06-04,338.5191588,80.9,280.9389934,TapisC,1
TAC22L,2023-06-05,338.5191588,81.4,281.5191462,TapisC,1
TAC22L,2023-06-06,338.5191588,81.4,281.5191462,TapisC,1
TAC22L,2023-06-07,338.5191588,81.4,281.5191462,TapisC,1
TAC22L,2023-06-08,338.5191588,81.4,281.5191462,TapisC,1
TAC22L,2023-06-09,338.5191588,81.4,281.5191462,TapisC,1
TAC22L,2023-06-10,338.5191588,81.4,281.5191462,TapisC,1
TAC22L,2023-06-11,338.5191588,81.4,281.5191462,TapisC,1
TAC22L,2023-06-12,338.5191588,81.4,281.5191462,TapisC,1
TAC22L,2023-06-13,338.5191588,81.4,281.5191462,TapisC,1
TAC22L,2023-06-14,338.5191588,81.4,281.5191462,TapisC,1
TAC22L,2023-06-15,338.5191588,81.4,281.5191462,TapisC,1
TAC22L,2023-06-16,338.5191588,81.4,281.5191462,TapisC,1
TAC22L,2023-06-17,338.5191588,81.4,281.5191462,TapisC,1
TAC22L,2023-06-18,338.5191588,81.4,283.1145664,TapisC,1
TAC22L,2023-06-19,338.5191588,81.4,283.1145664,TapisC,1
TAC22L,2023-06-20,338.5191588,84.8,283.2596046,TapisC,1
TAC22L,2023-06-21,338.5191588,84.8,283.4046428,TapisC,1
TAC22L,2023-06-22,338.5191588,84.8,283.8397574,TapisC,1
TAC22L,2023-06-23,338.5191588,84.7,283.6947192,TapisC,1
TAC22L,2023-06-24,338.5191588,84.7,283.6947192,TapisC,1
TAC22L,2023-06-25,338.5191588,85.1,283.4046428,TapisC,1
TAC22L,2023-06-26,338.5191588,85.2,283.8397574,TapisC,1
TAC22L,2023-06-27,338.5191588,85.3,283.9847956,TapisC,1
TAC22L,2023-06-28,338.5191588,85.1,283.9847956,TapisC,1
TAC22L,2023-06-29,338.5191588,85.1,284.274872,TapisC,1
TAC22L,2023-06-30,338.5191588,85.2,283.9847956,TapisC,1
TAC22L,2023-07-01,338.5191588,85.1,283.9847956,TapisC,1
TAC22L,2023-07-02,338.5191588,85.4,284.1298338,TapisC,1
TAC22L,2023-07-03,338.5191588,85.7,283.9847956,TapisC,1
TAC22L,2023-07-04,338.5191588,85.7,283.9847956,TapisC,1
TAC22L,2023-07-05,338.5191588,85.7,283.9847956,TapisC,1
TAC22L,2023-07-06,338.5191588,85.7,283.9847956,TapisC,1
TAC22L,2023-07-07,338.5191588,85.7,283.9847956,TapisC,1
TAC22L,2023-07-08,338.5191588,85.7,283.9847956,TapisC,1
TAC22L,2023-07-09,338.5191588,85.7,283.9847956,TapisC,1
TAC22L,2023-07-10,338.5191588,85.7,283.9847956,TapisC,1
TAC22L,2023-07-11,338.5191588,85.7,283.9847956,TapisC,1
TAC22L,2023-07-12,338.5191588,85.7,283.9847956,TapisC,1
TAC22L,2023-07-13,338.5191588,85.7,283.9847956,TapisC,1
TAC22L,2023-07-14,338.5191588,85.7,283.9847956,TapisC,1
TAC22L,2023-07-15,338.5191588,85.7,277.6031148,TapisC,1
TAC22L,2023-07-16,338.5191588,85.7,277.6031148,TapisC,1
TAC22L,2023-07-17,338.5191588,85.7,274.122198,TapisC,1
TAC22L,2023-07-18,338.5191588,0.0,273.5420452,TapisC,1
TAC22L,2023-07-19,576.526845,83.0,282.2443372,TapisC,1
TAC22L,2023-07-20,550.419969,84.4,283.2596046,TapisC,1
TAC22L,2023-07-21,540.992486,85.1,283.2596046,TapisC,1
TAC22L,2023-07-22,529.6795064,85.3,283.6947192,TapisC,1
TAC22L,2023-07-23,529.6795064,85.9,284.1298338,TapisC,1
TAC22L,2023-07-24,529.6795064,86.1,284.274872,TapisC,1
TAC22L,2023-07-25,529.6795064,86.2,284.7099866,TapisC,1
TAC22L,2023-07-26,529.6795064,86.4,284.7099866,TapisC,1
TAC22L,2023-07-27,529.6795064,86.1,284.5649484,TapisC,1
TAC22L,2023-07-28,529.6795064,86.2,284.7099866,TapisC,1
TAC22L,2023-07-29,529.6795064,86.4,284.8550248,TapisC,1
TAC22L,2023-07-30,529.6795064,86.5,284.7099866,TapisC,1
TAC22L,2023-07-31,529.6795064,86.5,285.000063,TapisC,1
TAC22L,2023-08-01,529.6795064,86.5,285.000063,TapisC,1
TAC22L,2023-08-02,529.6795064,86.5,285.2901394,TapisC,1
TAC22L,2023-08-03,529.6795064,86.5,285.2901394,TapisC,1
TAC22L,2023-08-04,529.6795064,86.5,285.4351776,TapisC,1
TAC22L,2023-08-05,529.6795064,86.5,25.5267232,TapisC,1
TAC22L,2023-08-06,529.6795064,86.5,285.4351776,TapisC,1
TAC22L,2023-08-07,529.6795064,86.5,285.725254,TapisC,1
TAC22L,2023-08-08,529.6795064,86.5,285.5802158,TapisC,1
TAC22L,2023-08-09,529.6795064,86.5,285.5802158,TapisC,1
TAC22L,2023-08-10,529.6795064,86.5,285.8702922,TapisC,1
TAC22L,2023-08-11,529.6795064,86.5,285.8702922,TapisC,1
TAC22L,2023-08-12,529.6795064,86.5,285.8702922,TapisC,1
TAC22L,2023-08-13,529.6795064,86.5,285.8702922,TapisC,1
TAC22L,2023-08-14,529.6795064,86.5,285.579348268511,TapisC,1
TAC22L,2023-08-15,529.6795064,87.1,285.402317382813,TapisC,1
TAC22L,2023-08-16,529.6795064,87.3,285.579348268511,TapisC,1
TAC22L,2023-08-17,529.6795064,87.3,285.756414558033,TapisC,1
TAC22L,2023-08-18,529.6795064,87.4,285.756414558033,TapisC,1
TAC22L,2023-08-19,529.6795064,87.5,285.756414558033,TapisC,1
TAC22L,2023-08-20,529.6795064,87.1,285.402317382813,TapisC,1
TAC22L,2023-08-21,529.6795064,87.5,285.933480833052,TapisC,1
TAC22L,2023-08-22,529.6795064,87.5,285.756414558033,TapisC,1
TAC22L,2023-08-23,529.6795064,87.6,285.756414558033,TapisC,1
TAC22L,2023-08-24,529.6795064,87.7,285.756414558033,TapisC,1
TAC22L,2023-08-25,529.6795064,87.7,285.756414558033,TapisC,1
TAC22L,2023-08-26,529.6795064,87.7,285.933480833052,TapisC,1
TAC22L,2023-08-27,529.6795064,87.6,285.756414558033,TapisC,1
TAC22L,2023-08-28,529.6795064,87.6,285.756414558033,TapisC,1
TAC22L,2023-08-29,529.6795064,87.6,285.933480833052,TapisC,1
TAC22L,2023-08-30,529.6795064,87.6,285.756414558033,TapisC,1
TAC22L,2023-08-31,529.6795064,87.6,285.579348268511,TapisC,1
TAC22L,2023-09-01,529.6795064,87.6,285.756414558033,TapisC,1
TAC22L,2023-09-02,529.6795064,87.6,285.933480833052,TapisC,1
TAC22L,2023-09-03,529.6795064,87.6,285.579348268511,TapisC,1
TAC22L,2023-09-04,529.6795064,87.6,285.933480833052,TapisC,1
TAC22L,2023-09-05,529.6795064,87.6,285.933480833052,TapisC,1
TAC22L,2023-09-06,529.6795064,87.6,286.11051171875,TapisC,1
TAC22L,2023-09-07,529.6795064,87.6,285.756414558033,TapisC,1
TAC22L,2023-09-08,529.6795064,87.6,285.756414558033,TapisC,1
TAC22L,2023-09-09,529.6795064,87.6,285.933480833052,TapisC,1
TAC22L,2023-09-10,529.6795064,87.6,285.756414558033,TapisC,1
TAC22L,2023-09-11,529.6795064,87.6,286.464608893971,TapisC,1
TAC22L,2023-09-12,529.6795064,88.0,286.641675168989,TapisC,1
TAC22L,2023-09-13,529.6795064,87.9,286.11051171875,TapisC,1
TAC22L,2023-09-14,529.6795064,88.1,286.464608893971,TapisC,1
TAC22L,2023-09-15,529.6795064,88.2,286.287542604448,TapisC,1
TAC22L,2023-09-16,529.6795064,88.3,286.641675168989,TapisC,1
TAC22L,2023-09-17,529.6795064,88.4,286.287542604448,TapisC,1
TAC22L,2023-09-18,529.6795064,88.7,286.818706054688,TapisC,1
TAC22L,2023-09-19,529.6795064,88.7,286.464608893971,TapisC,1
TAC22L,2023-09-20,529.6795064,88.7,286.464608893971,TapisC,1
TAC22L,2023-09-21,529.6795064,88.3,286.287542604448,TapisC,1
TAC22L,2023-09-22,529.6795064,88.4,286.641675168989,TapisC,1
TAC22L,2023-09-23,529.6795064,88.7,287.172803229908,TapisC,1
TAC22L,2023-09-24,529.6795064,88.4,286.995736940386,TapisC,1
TAC22L,2023-09-25,529.6795064,88.4,286.287542604448,TapisC,1
TAC22L,2023-09-26,529.6795064,88.4,286.818706054688,TapisC,1
TAC22L,2023-09-27,529.6795064,88.4,286.995736940386,TapisC,1
TAC22L,2023-09-28,529.6795064,88.4,286.995736940386,TapisC,1
TAC22L,2023-09-29,529.6795064,88.4,287.172803229908,TapisC,1
TAC22L,2023-09-30,529.6795064,88.4,286.818706054688,TapisC,1
